model,load_factor,seed,episode_id,total_energy_cost,feasible_rate,infeasible_requested_count,converged_rate
gat,1.0,0,0,364.93765140280624,1.0,0,1.0
gat,1.0,0,1,297.9337582768643,1.0,0,1.0
gat,1.0,0,2,514.5611538005911,1.0,0,1.0
gat,1.0,0,3,584.1371084827473,0.9791666666666666,3,1.0
gat,1.0,0,4,776.6771094851526,1.0,0,1.0
gat,1.0,0,5,1372.4780928167731,1.0,20,1.0
gat,1.0,0,6,1221.1176544593811,1.0,14,1.0
gat,1.0,0,7,686.8377118106491,1.0,0,1.0
gat,1.0,0,8,436.4756955450681,1.0,0,1.0
gat,1.0,0,9,674.8224594772167,0.9270833333333334,9,1.0
gat,1.0,0,10,797.2883179354118,0.9270833333333334,12,1.0
gat,1.0,0,11,874.5593985350398,1.0,6,1.0
gat,1.0,0,12,574.3669290011279,1.0,3,1.0
gat,1.0,0,13,787.4709204199032,0.9791666666666666,3,1.0
gat,1.0,0,14,378.7134110180768,1.0,0,1.0
gat,1.0,0,15,341.23163642771146,1.0,0,1.0
gat,1.0,0,16,567.8352452215915,0.9895833333333334,4,1.0
gat,1.0,0,17,711.892056944245,0.9583333333333334,6,1.0
gat,1.0,0,18,883.0313709023349,1.0,0,1.0
gat,1.0,0,19,459.0715111815348,0.9895833333333334,3,1.0
gat,1.0,0,20,427.7074906062304,0.96875,4,1.0
gat,1.0,0,21,300.972678237161,1.0,0,1.0
gat,1.0,0,22,240.20379441883844,1.0,0,1.0
gat,1.0,0,23,608.6458662481737,0.96875,6,1.0
gat,1.0,0,24,692.8660769929448,1.0,3,1.0
gat,1.0,0,25,889.2995892483766,1.0,0,1.0
gat,1.0,0,26,519.3611335164533,1.0,1,1.0
gat,1.0,0,27,410.8984691040331,0.96875,5,1.0
gat,1.0,0,28,338.87187900321896,1.0,0,1.0
gat,1.0,0,29,373.0724158426027,1.0,0,1.0
gat,1.0,0,30,476.5746556793279,0.9166666666666666,12,1.0
gat,1.0,1,0,377.56142589082566,1.0,0,1.0
gat,1.0,1,1,302.2245731810277,1.0,0,1.0
gat,1.0,1,2,529.1672216119174,1.0,1,1.0
gat,1.0,1,3,620.5582711294661,0.9895833333333334,3,1.0
gat,1.0,1,4,764.0920363645721,0.9895833333333334,4,1.0
gat,1.0,1,5,1376.9810217582997,1.0,3,1.0
gat,1.0,1,6,1232.0168441480112,0.9583333333333334,8,1.0
gat,1.0,1,7,703.0492138334874,1.0,0,1.0
gat,1.0,1,8,461.6277261168258,1.0,0,1.0
gat,1.0,1,9,723.718823558191,0.9479166666666666,6,1.0
gat,1.0,1,10,829.0253193752055,0.9375,8,1.0
gat,1.0,1,11,880.5087193204649,1.0,1,1.0
gat,1.0,1,12,608.7724146926606,1.0,0,1.0
gat,1.0,1,13,780.1814253688808,0.9583333333333334,8,1.0
gat,1.0,1,14,390.79219129810673,1.0,0,1.0
gat,1.0,1,15,338.23350113024014,1.0,0,1.0
gat,1.0,1,16,559.9992467585649,0.9895833333333334,5,1.0
gat,1.0,1,17,736.2814870966212,0.9791666666666666,6,1.0
gat,1.0,1,18,892.9645054280169,1.0,1,1.0
gat,1.0,1,19,476.5543227475003,0.9895833333333334,6,1.0
gat,1.0,1,20,443.5323303847734,0.96875,6,1.0
gat,1.0,1,21,316.5319406646656,1.0,0,1.0
gat,1.0,1,22,250.3375120778878,1.0,0,1.0
gat,1.0,1,23,618.6355439608976,0.9375,9,1.0
gat,1.0,1,24,699.2653095480085,1.0,7,1.0
gat,1.0,1,25,898.9174995818162,1.0,2,1.0
gat,1.0,1,26,543.559240749606,1.0,4,1.0
gat,1.0,1,27,425.01642142726143,0.96875,5,1.0
gat,1.0,1,28,348.7089518262548,1.0,0,1.0
gat,1.0,1,29,378.4898868012988,1.0,0,1.0
gat,1.0,1,30,480.0337648939284,0.9166666666666666,9,1.0
gat,1.0,2,0,357.2375906498936,1.0,0,1.0
gat,1.0,2,1,288.45996144332923,1.0,0,1.0
gat,1.0,2,2,503.3958710022366,1.0,3,1.0
gat,1.0,2,3,579.9621371172973,0.96875,6,1.0
gat,1.0,2,4,788.7316323485563,0.9895833333333334,6,1.0
gat,1.0,2,5,1379.2203303422818,1.0,29,1.0
gat,1.0,2,6,1231.2887614085269,0.9583333333333334,26,1.0
gat,1.0,2,7,704.8586829753058,1.0,0,1.0
gat,1.0,2,8,433.20964647689664,1.0,0,1.0
gat,1.0,2,9,677.7040451640978,0.9270833333333334,8,1.0
gat,1.0,2,10,813.1812405496516,0.9270833333333334,11,1.0
gat,1.0,2,11,887.8052611761262,1.0,4,1.0
gat,1.0,2,12,570.3360150289112,1.0,2,1.0
gat,1.0,2,13,787.3725273307012,0.9479166666666666,9,1.0
gat,1.0,2,14,371.64451730860543,1.0,0,1.0
gat,1.0,2,15,335.14190982829086,1.0,0,1.0
gat,1.0,2,16,569.1461445918819,0.9895833333333334,7,1.0
gat,1.0,2,17,720.0753940553727,0.9583333333333334,8,1.0
gat,1.0,2,18,892.1696115536428,1.0,11,1.0
gat,1.0,2,19,455.0307492345887,0.9895833333333334,6,1.0
gat,1.0,2,20,424.3558516751417,0.96875,7,1.0
gat,1.0,2,21,302.7046789074149,1.0,0,1.0
gat,1.0,2,22,237.82365148848123,1.0,0,1.0
gat,1.0,2,23,618.9333618640537,0.9375,11,1.0
gat,1.0,2,24,705.0117320017749,0.9791666666666666,12,1.0
gat,1.0,2,25,899.0852430807452,1.0,13,1.0
gat,1.0,2,26,515.3576965422092,1.0,5,1.0
gat,1.0,2,27,408.95627206649874,0.96875,7,1.0
gat,1.0,2,28,353.15228074471275,1.0,0,1.0
gat,1.0,2,29,383.5502500054516,1.0,0,1.0
gat,1.0,2,30,484.1857716443441,0.9166666666666666,9,1.0
gat,1.1,0,0,412.2935392279676,1.0,0,1.0
gat,1.1,0,1,336.6723100901222,1.0,0,1.0
gat,1.1,0,2,577.7733806201821,0.9583333333333334,6,1.0
gat,1.1,0,3,654.3629214306542,0.9270833333333334,12,1.0
gat,1.1,0,4,883.8622216604937,0.9166666666666666,14,1.0
gat,1.1,0,5,1529.8201635599346,0.7604166666666666,39,1.0
gat,1.1,0,6,1361.6872101804558,0.7291666666666666,41,1.0
gat,1.1,0,7,781.286633593021,1.0,0,1.0
gat,1.1,0,8,492.58130458636987,1.0,0,1.0
gat,1.1,0,9,760.9960071015298,0.90625,20,1.0
gat,1.1,0,10,905.682594218491,0.875,15,1.0
gat,1.1,0,11,1004.5231063131076,0.9375,11,1.0
gat,1.1,0,12,641.0242195891756,0.96875,7,1.0
gat,1.1,0,13,892.0875061646461,0.8958333333333334,14,1.0
gat,1.1,0,14,425.0221347942237,1.0,0,1.0
gat,1.1,0,15,389.2427300534909,1.0,0,1.0
gat,1.1,0,16,640.4954258761262,0.8854166666666666,11,1.0
gat,1.1,0,17,811.5015113875528,0.8958333333333334,17,1.0
gat,1.1,0,18,993.9887791382572,0.8958333333333334,13,1.0
gat,1.1,0,19,509.9885109910691,0.9270833333333334,7,1.0
gat,1.1,0,20,480.1226386341996,0.9166666666666666,8,1.0
gat,1.1,0,21,341.375212939614,1.0,0,1.0
gat,1.1,0,22,272.4743413056404,1.0,0,1.0
gat,1.1,0,23,701.8775519966587,0.90625,14,1.0
gat,1.1,0,24,788.4103971019168,0.8854166666666666,15,1.0
gat,1.1,0,25,997.9757186126484,0.875,14,1.0
gat,1.1,0,26,578.3885226938122,0.9270833333333334,8,1.0
gat,1.1,0,27,460.3346767166863,0.9166666666666666,11,1.0
gat,1.1,0,28,388.04440270843446,1.0,0,1.0
gat,1.1,0,29,421.7249541782097,1.0,0,1.0
gat,1.1,0,30,539.9443402232571,0.8541666666666666,26,1.0
gat,1.1,1,0,428.2630698583325,1.0,0,1.0
gat,1.1,1,1,340.1137910497976,1.0,0,1.0
gat,1.1,1,2,596.5974197652747,0.9583333333333334,8,1.0
gat,1.1,1,3,691.8257803598705,0.9270833333333334,10,1.0
gat,1.1,1,4,888.5348052083899,0.8333333333333334,19,1.0
gat,1.1,1,5,1533.003832949702,0.625,37,1.0
gat,1.1,1,6,1371.0660614271962,0.6354166666666666,38,1.0
gat,1.1,1,7,800.0627076693437,1.0,0,1.0
gat,1.1,1,8,520.4693925350049,1.0,0,1.0
gat,1.1,1,9,805.0121473207898,0.90625,14,1.0
gat,1.1,1,10,924.5506739543864,0.875,13,1.0
gat,1.1,1,11,1013.421136077645,0.8541666666666666,16,1.0
gat,1.1,1,12,674.1318131645759,0.9895833333333334,3,1.0
gat,1.1,1,13,884.1645157968754,0.8020833333333334,20,1.0
gat,1.1,1,14,441.57769250754217,1.0,0,1.0
gat,1.1,1,15,385.0418262773949,1.0,0,1.0
gat,1.1,1,16,626.9110174376294,0.9270833333333334,8,1.0
gat,1.1,1,17,832.5851496761557,0.875,16,1.0
gat,1.1,1,18,1003.8378637594608,0.8333333333333334,19,1.0
gat,1.1,1,19,532.1813604525096,0.9270833333333334,9,1.0
gat,1.1,1,20,496.3050272122464,0.9166666666666666,11,1.0
gat,1.1,1,21,355.61042193667964,1.0,0,1.0
gat,1.1,1,22,284.2164665709843,1.0,0,1.0
gat,1.1,1,23,710.8156343078108,0.7916666666666666,21,1.0
gat,1.1,1,24,792.5131820699468,0.8333333333333334,20,1.0
gat,1.1,1,25,1009.0766450569896,0.8541666666666666,20,1.0
gat,1.1,1,26,605.2578602814257,0.9270833333333334,9,1.0
gat,1.1,1,27,475.76454544684833,0.90625,9,1.0
gat,1.1,1,28,398.2610609682735,1.0,0,1.0
gat,1.1,1,29,426.91260326564606,1.0,0,1.0
gat,1.1,1,30,544.395487389075,0.8541666666666666,19,1.0
gat,1.1,2,0,401.5962377443251,1.0,0,1.0
gat,1.1,2,1,326.9156976278284,1.0,0,1.0
gat,1.1,2,2,571.0281327771248,0.9583333333333334,7,1.0
gat,1.1,2,3,652.8932228704222,0.9270833333333334,9,1.0
gat,1.1,2,4,901.7735755358448,0.84375,18,1.0
gat,1.1,2,5,1535.5420647430103,0.6458333333333334,50,1.0
gat,1.1,2,6,1369.8039884853788,0.59375,49,1.0
gat,1.1,2,7,796.6666857540987,1.0,0,1.0
gat,1.1,2,8,490.90393985165167,1.0,0,1.0
gat,1.1,2,9,762.6411175904002,0.90625,13,1.0
gat,1.1,2,10,917.142215303428,0.875,14,1.0
gat,1.1,2,11,1014.833307344136,0.8958333333333334,16,1.0
gat,1.1,2,12,638.6196975224171,0.96875,6,1.0
gat,1.1,2,13,890.4908166104386,0.8020833333333334,23,1.0
gat,1.1,2,14,419.6259607487349,1.0,0,1.0
gat,1.1,2,15,380.5394308236509,1.0,0,1.0
gat,1.1,2,16,643.404152729576,0.8854166666666666,12,1.0
gat,1.1,2,17,820.1323280531983,0.8958333333333334,16,1.0
gat,1.1,2,18,1003.2384903279632,0.8125,26,1.0
gat,1.1,2,19,510.18267097067695,0.9270833333333334,9,1.0
gat,1.1,2,20,476.09871444749416,0.9166666666666666,11,1.0
gat,1.1,2,21,340.39076722071667,1.0,0,1.0
gat,1.1,2,22,272.6388622113765,1.0,0,1.0
gat,1.1,2,23,712.1089860843474,0.8125,21,1.0
gat,1.1,2,24,798.0753589150837,0.75,29,1.0
gat,1.1,2,25,1007.7142145955842,0.8333333333333334,30,1.0
gat,1.1,2,26,578.8058052519568,0.9270833333333334,9,1.0
gat,1.1,2,27,459.5781453241047,0.90625,11,1.0
gat,1.1,2,28,399.2473503617539,1.0,0,1.0
gat,1.1,2,29,430.5147460868874,1.0,0,1.0
gat,1.1,2,30,548.3306579450749,0.84375,21,1.0
gat,1.2,0,0,457.6687894330103,1.0,0,1.0
gat,1.2,0,1,376.6685535635221,1.0,0,1.0
gat,1.2,0,2,648.053369246148,0.90625,11,1.0
gat,1.2,0,3,730.9136883667617,0.8854166666666666,20,1.0
gat,1.2,0,4,999.8873339947546,0.7708333333333334,33,1.0
gat,1.2,0,5,1689.778886303351,0.4375,59,1.0
gat,1.2,0,6,1509.3693179519382,0.4166666666666667,66,1.0
gat,1.2,0,7,875.4750977328232,1.0,0,1.0
gat,1.2,0,8,549.0009175872025,1.0,0,1.0
gat,1.2,0,9,851.7379527989178,0.71875,27,1.0
gat,1.2,0,10,1016.666538063238,0.71875,27,1.0
gat,1.2,0,11,1145.6521166591422,0.8125,24,1.0
gat,1.2,0,12,714.1490012536372,0.9270833333333334,11,1.0
gat,1.2,0,13,994.1701464042968,0.65625,50,1.0
gat,1.2,0,14,473.33812522922506,1.0,0,1.0
gat,1.2,0,15,440.5317014910282,1.0,0,1.0
gat,1.2,0,16,720.5049104097413,0.8645833333333334,22,1.0
gat,1.2,0,17,913.5815777739448,0.7083333333333334,29,1.0
gat,1.2,0,18,1113.1199924095392,0.6875,49,1.0
gat,1.2,0,19,569.6505257120185,0.875,20,1.0
gat,1.2,0,20,535.8337884915036,0.875,19,1.0
gat,1.2,0,21,379.27812272449273,1.0,0,1.0
gat,1.2,0,22,304.67163126218003,1.0,0,1.0
gat,1.2,0,23,805.2991801710191,0.71875,33,1.0
gat,1.2,0,24,890.6985575712445,0.6770833333333334,39,1.0
gat,1.2,0,25,1111.8504338037865,0.59375,41,1.0
gat,1.2,0,26,647.0871415086059,0.8958333333333334,16,1.0
gat,1.2,0,27,519.376140639232,0.84375,28,1.0
gat,1.2,0,28,438.2729583708093,1.0,0,1.0
gat,1.2,0,29,470.1540773420076,1.0,0,1.0
gat,1.2,0,30,609.2275976468237,0.6145833333333334,40,1.0
gat,1.2,1,0,478.48410477104704,1.0,0,1.0
gat,1.2,1,1,381.69749320428224,1.0,0,1.0
gat,1.2,1,2,667.4055915908319,0.90625,12,1.0
gat,1.2,1,3,767.0074989053073,0.8854166666666666,14,1.0
gat,1.2,1,4,1000.0566633968356,0.7083333333333334,32,1.0
gat,1.2,1,5,1688.7729942228275,0.40625,58,1.0
gat,1.2,1,6,1510.9613043804554,0.3958333333333333,61,1.0
gat,1.2,1,7,892.3924668659366,1.0,0,1.0
gat,1.2,1,8,581.2394796569024,1.0,0,1.0
gat,1.2,1,9,884.5639370259983,0.71875,27,1.0
gat,1.2,1,10,1021.2032378443548,0.7083333333333334,28,1.0
gat,1.2,1,11,1146.7665738143387,0.75,27,1.0
gat,1.2,1,12,744.7522239786509,0.9375,8,1.0
gat,1.2,1,13,990.0383837476796,0.625,41,1.0
gat,1.2,1,14,489.330333050022,1.0,0,1.0
gat,1.2,1,15,432.8977662410305,1.0,0,1.0
gat,1.2,1,16,713.1536059946579,0.8645833333333334,18,1.0
gat,1.2,1,17,928.9809514149842,0.6041666666666666,40,1.0
gat,1.2,1,18,1117.187199752323,0.5833333333333334,50,1.0
gat,1.2,1,19,590.449942829453,0.8645833333333334,17,1.0
gat,1.2,1,20,552.9397203410018,0.84375,18,1.0
gat,1.2,1,21,395.3197309732474,1.0,0,1.0
gat,1.2,1,22,317.6756865040112,1.0,0,1.0
gat,1.2,1,23,805.1875831733336,0.5416666666666666,45,1.0
gat,1.2,1,24,895.2007249308969,0.59375,43,1.0
gat,1.2,1,25,1118.1508310545632,0.5625,46,1.0
gat,1.2,1,26,672.0994037589833,0.8958333333333334,14,1.0
gat,1.2,1,27,532.6770659872285,0.84375,18,1.0
gat,1.2,1,28,448.5574606019187,1.0,0,1.0
gat,1.2,1,29,477.2330841057844,1.0,0,1.0
gat,1.2,1,30,621.7552075339242,0.625,37,1.0
gat,1.2,2,0,446.4637678118587,1.0,0,1.0
gat,1.2,2,1,364.5136782648972,1.0,0,1.0
gat,1.2,2,2,643.3391978228422,0.90625,11,1.0
gat,1.2,2,3,727.4550742556188,0.8854166666666666,15,1.0
gat,1.2,2,4,1008.3099767387522,0.7083333333333334,34,1.0
gat,1.2,2,5,1690.7833442168487,0.3645833333333333,63,1.0
gat,1.2,2,6,1510.0334693589502,0.375,62,1.0
gat,1.2,2,7,890.3642324939121,1.0,0,1.0
gat,1.2,2,8,555.3327213949113,1.0,0,1.0
gat,1.2,2,9,854.6969423995208,0.7291666666666666,26,1.0
gat,1.2,2,10,1031.5913948842572,0.7395833333333334,25,1.0
gat,1.2,2,11,1148.2984873656649,0.75,29,1.0
gat,1.2,2,12,709.8655032660599,0.9270833333333334,9,1.0
gat,1.2,2,13,996.3555444243804,0.5729166666666666,49,1.0
gat,1.2,2,14,467.1060604547085,1.0,0,1.0
gat,1.2,2,15,431.9481458511123,1.0,0,1.0
gat,1.2,2,16,726.9317961474055,0.8333333333333334,21,1.0
gat,1.2,2,17,920.6415196953112,0.6458333333333334,34,1.0
gat,1.2,2,18,1116.9010323281125,0.5520833333333334,51,1.0
gat,1.2,2,19,565.4499707784236,0.8645833333333334,20,1.0
gat,1.2,2,20,531.5628058960511,0.84375,19,1.0
gat,1.2,2,21,379.0213558648982,1.0,0,1.0
gat,1.2,2,22,305.42232003653305,1.0,0,1.0
gat,1.2,2,23,809.8486799106898,0.5520833333333334,45,1.0
gat,1.2,2,24,894.6946093680551,0.5625,47,1.0
gat,1.2,2,25,1118.4936529424997,0.5729166666666666,45,1.0
gat,1.2,2,26,645.0068382569741,0.8958333333333334,14,1.0
gat,1.2,2,27,509.5274726171044,0.84375,19,1.0
gat,1.2,2,28,448.29867587775095,1.0,0,1.0
gat,1.2,2,29,478.1770965660253,1.0,0,1.0
gat,1.2,2,30,632.3381314358837,0.59375,39,1.0
gat,1.3,0,0,502.8577444809357,1.0,0,1.0
gat,1.3,0,1,415.648621111031,1.0,0,1.0
gat,1.3,0,2,717.8076454950062,0.7708333333333334,33,1.0
gat,1.3,0,3,818.1982025202839,0.6979166666666666,29,1.0
gat,1.3,0,4,1120.474873634795,0.5833333333333334,41,1.0
gat,1.3,0,5,1846.967915932937,0.1979166666666666,77,1.0
gat,1.3,0,6,1650.8543945442266,0.2083333333333333,76,1.0
gat,1.3,0,7,971.9388976741144,1.0,8,1.0
gat,1.3,0,8,614.3235417669291,1.0,0,1.0
gat,1.3,0,9,962.846344555263,0.6770833333333334,31,1.0
gat,1.3,0,10,1152.056345926052,0.65625,33,1.0
gat,1.3,0,11,1284.9624927860511,0.6666666666666666,37,1.0
gat,1.3,0,12,788.077123792087,0.8854166666666666,22,1.0
gat,1.3,0,13,1098.2472804005624,0.3333333333333333,64,1.0
gat,1.3,0,14,521.3232637079286,1.0,0,1.0
gat,1.3,0,15,491.6872966405033,1.0,0,1.0
gat,1.3,0,16,807.2303007736175,0.6875,33,1.0
gat,1.3,0,17,1022.2487983576068,0.4895833333333333,49,1.0
gat,1.3,0,18,1234.4509679684606,0.3854166666666667,59,1.0
gat,1.3,0,19,646.3770222852577,0.59375,39,1.0
gat,1.3,0,20,612.8530505074967,0.6041666666666666,38,1.0
gat,1.3,0,21,417.98754207617696,1.0,1,1.0
gat,1.3,0,22,336.2125705106182,1.0,0,1.0
gat,1.3,0,23,913.6097379830228,0.53125,50,1.0
gat,1.3,0,24,998.5658316207343,0.4270833333333333,55,1.0
gat,1.3,0,25,1226.4364567038403,0.40625,65,1.0
gat,1.3,0,26,716.7324356229003,0.7395833333333334,29,1.0
gat,1.3,0,27,586.2076546074466,0.6145833333333334,37,1.0
gat,1.3,0,28,487.9665555035055,1.0,5,1.0
gat,1.3,0,29,518.9755735122047,1.0,0,1.0
gat,1.3,0,30,722.5921807703064,0.40625,58,1.0
gat,1.3,1,0,527.07038017924,1.0,0,1.0
gat,1.3,1,1,424.4166852060984,1.0,0,1.0
gat,1.3,1,2,739.4393118458895,0.75,31,1.0
gat,1.3,1,3,843.1999466739927,0.7083333333333334,28,1.0
gat,1.3,1,4,1133.0394023214317,0.4479166666666667,55,1.0
gat,1.3,1,5,1851.300027434681,0.1145833333333333,85,1.0
gat,1.3,1,6,1650.999113260517,0.1875,78,1.0
gat,1.3,1,7,987.5996748338672,1.0,2,1.0
gat,1.3,1,8,641.3073337879531,1.0,0,1.0
gat,1.3,1,9,983.8528000322984,0.6875,30,1.0
gat,1.3,1,10,1149.4516277658313,0.6458333333333334,34,1.0
gat,1.3,1,11,1284.34787182124,0.5833333333333334,46,1.0
gat,1.3,1,12,814.0479224201069,0.8854166666666666,15,1.0
gat,1.3,1,13,1109.5241698099508,0.3229166666666667,65,1.0
gat,1.3,1,14,537.6005385942111,1.0,7,1.0
gat,1.3,1,15,480.2043049935355,1.0,0,1.0
gat,1.3,1,16,801.5665086712703,0.6354166666666666,35,1.0
gat,1.3,1,17,1029.048035310149,0.5208333333333334,46,1.0
gat,1.3,1,18,1238.1501316813924,0.2395833333333333,74,1.0
gat,1.3,1,19,655.0650144170695,0.7291666666666666,26,1.0
gat,1.3,1,20,616.3713155343042,0.6979166666666666,29,1.0
gat,1.3,1,21,435.612322535001,1.0,3,1.0
gat,1.3,1,22,352.6084431566185,1.0,0,1.0
gat,1.3,1,23,908.6741770371872,0.46875,52,1.0
gat,1.3,1,24,1007.7618425287015,0.3958333333333333,59,1.0
gat,1.3,1,25,1238.2511363929382,0.2395833333333333,77,1.0
gat,1.3,1,26,741.9566089676476,0.71875,27,1.0
gat,1.3,1,27,594.1566274405562,0.7291666666666666,26,1.0
gat,1.3,1,28,498.79582214387625,1.0,4,1.0
gat,1.3,1,29,525.7867398754521,1.0,0,1.0
gat,1.3,1,30,703.4857694729725,0.5416666666666666,44,1.0
gat,1.3,2,0,493.2758715717758,1.0,0,1.0
gat,1.3,2,1,402.0936370614293,1.0,0,1.0
gat,1.3,2,2,716.4445182476084,0.78125,28,1.0
gat,1.3,2,3,817.6621905154475,0.71875,27,1.0
gat,1.3,2,4,1122.1238224182473,0.4375,54,1.0
gat,1.3,2,5,1849.4437391140664,0.1145833333333333,85,1.0
gat,1.3,2,6,1650.836113516477,0.15625,81,1.0
gat,1.3,2,7,985.0839674448448,1.0,8,1.0
gat,1.3,2,8,615.4450353041202,1.0,0,1.0
gat,1.3,2,9,970.8276216363276,0.6770833333333334,31,1.0
gat,1.3,2,10,1168.4041138386317,0.625,37,1.0
gat,1.3,2,11,1282.503414804055,0.5520833333333334,45,1.0
gat,1.3,2,12,787.8720300021764,0.8854166666666666,15,1.0
gat,1.3,2,13,1103.4445465964618,0.3020833333333333,67,1.0
gat,1.3,2,14,511.68315058165,1.0,7,1.0
gat,1.3,2,15,488.7271290198466,1.0,0,1.0
gat,1.3,2,16,807.0774335775766,0.5729166666666666,41,1.0
gat,1.3,2,17,1030.5271760376538,0.5104166666666666,47,1.0
gat,1.3,2,18,1231.1067945536377,0.2395833333333333,73,1.0
gat,1.3,2,19,631.493195422095,0.6979166666666666,29,1.0
gat,1.3,2,20,596.9877742089478,0.6979166666666666,29,1.0
gat,1.3,2,21,417.26567912973576,1.0,1,1.0
gat,1.3,2,22,338.7481991712525,1.0,0,1.0
gat,1.3,2,23,908.5408625253368,0.46875,51,1.0
gat,1.3,2,24,992.6193896096676,0.3854166666666667,59,1.0
gat,1.3,2,25,1229.776324840641,0.2604166666666667,77,1.0
gat,1.3,2,26,716.380068935231,0.71875,27,1.0
gat,1.3,2,27,573.3175154370783,0.7291666666666666,26,1.0
gat,1.3,2,28,497.9785641052538,1.0,4,1.0
gat,1.3,2,29,526.6523783217507,1.0,0,1.0
gat,1.3,2,30,721.5043744565995,0.4583333333333333,52,1.0
gat,1.4,0,0,547.8441494527615,1.0,0,1.0
gat,1.4,0,1,453.3300118537031,1.0,0,1.0
gat,1.4,0,2,802.5211112741524,0.6458333333333334,35,1.0
gat,1.4,0,3,926.6725986252798,0.5729166666666666,41,1.0
gat,1.4,0,4,1249.9812448580058,0.375,60,1.0
gat,1.4,0,5,2011.230262387217,0.125,84,1.0
gat,1.4,0,6,1792.8954441005644,0.1770833333333333,79,1.0
gat,1.4,0,7,1071.474239868614,0.9166666666666666,23,1.0
gat,1.4,0,8,669.1679568416093,0.9583333333333334,12,1.0
gat,1.4,0,9,1089.5793570218543,0.5729166666666666,41,1.0
gat,1.4,0,10,1307.882137065106,0.5208333333333334,46,1.0
gat,1.4,0,11,1431.875040043445,0.4791666666666667,52,1.0
gat,1.4,0,12,872.7859109824927,0.6979166666666666,30,1.0
gat,1.4,0,13,1217.881285568775,0.2291666666666666,74,1.0
gat,1.4,0,14,559.9159866528285,0.90625,21,1.0
gat,1.4,0,15,540.3464573668384,1.0,0,1.0
gat,1.4,0,16,895.7814718169594,0.5416666666666666,44,1.0
gat,1.4,0,17,1146.394215233786,0.3958333333333333,59,1.0
gat,1.4,0,18,1374.2628470022132,0.15625,82,1.0
gat,1.4,0,19,719.6243109892451,0.5625,42,1.0
gat,1.4,0,20,683.2677881211372,0.5416666666666666,44,1.0
gat,1.4,0,21,461.523465083707,0.8958333333333334,30,1.0
gat,1.4,0,22,369.0145304756802,1.0,0,1.0
gat,1.4,0,23,1026.994881871892,0.2395833333333333,74,1.0
gat,1.4,0,24,1116.285697463333,0.2291666666666666,74,1.0
gat,1.4,0,25,1326.370378345601,0.1458333333333333,82,1.0
gat,1.4,0,26,814.1258442297524,0.59375,39,1.0
gat,1.4,0,27,654.2902413869514,0.5520833333333334,43,1.0
gat,1.4,0,28,540.8032424960267,0.9166666666666666,32,1.0
gat,1.4,0,29,568.2282823130635,0.96875,3,1.0
gat,1.4,0,30,805.4995032984237,0.34375,63,1.0
gat,1.4,1,0,575.3609618491196,1.0,0,1.0
gat,1.4,1,1,468.2311167087527,1.0,0,1.0
gat,1.4,1,2,821.741329138261,0.6145833333333334,37,1.0
gat,1.4,1,3,926.7083168171504,0.6770833333333334,31,1.0
gat,1.4,1,4,1251.5811372449189,0.4166666666666667,57,1.0
gat,1.4,1,5,2008.9658959992908,0.1041666666666666,86,1.0
gat,1.4,1,6,1797.1187559992627,0.1145833333333333,85,1.0
gat,1.4,1,7,1084.6142018817975,0.875,16,1.0
gat,1.4,1,8,701.409950432481,0.9583333333333334,7,1.0
gat,1.4,1,9,1091.188894317734,0.6354166666666666,35,1.0
gat,1.4,1,10,1285.917437521584,0.5833333333333334,40,1.0
gat,1.4,1,11,1429.4643601172306,0.3854166666666667,60,1.0
gat,1.4,1,12,884.1520531123282,0.6979166666666666,29,1.0
gat,1.4,1,13,1225.3825240082713,0.25,72,1.0
gat,1.4,1,14,584.8146223457779,0.9166666666666666,16,1.0
gat,1.4,1,15,527.3977969012749,1.0,0,1.0
gat,1.4,1,16,896.1089463053223,0.5625,42,1.0
gat,1.4,1,17,1139.69037280563,0.5,49,1.0
gat,1.4,1,18,1353.74056539149,0.21875,75,1.0
gat,1.4,1,19,724.3579990240235,0.6666666666666666,32,1.0
gat,1.4,1,20,679.969087836741,0.6458333333333334,34,1.0
gat,1.4,1,21,472.9472098069448,0.9583333333333334,12,1.0
gat,1.4,1,22,385.641105845628,1.0,0,1.0
gat,1.4,1,23,1013.95920126755,0.3229166666666667,66,1.0
gat,1.4,1,24,1110.892067313027,0.2916666666666667,70,1.0
gat,1.4,1,25,1347.5893066117835,0.1458333333333333,82,1.0
gat,1.4,1,26,822.9290597003026,0.6875,30,1.0
gat,1.4,1,27,659.110331163831,0.65625,33,1.0
gat,1.4,1,28,549.7592206857338,0.9583333333333334,9,1.0
gat,1.4,1,29,574.436945045959,0.96875,3,1.0
gat,1.4,1,30,804.7466410146448,0.4375,54,1.0
gat,1.4,2,0,540.2304068386073,1.0,0,1.0
gat,1.4,2,1,440.50934543341634,1.0,0,1.0
gat,1.4,2,2,806.336519142605,0.6145833333333334,37,1.0
gat,1.4,2,3,915.82560797486,0.65625,33,1.0
gat,1.4,2,4,1232.8632897664288,0.4166666666666667,56,1.0
gat,1.4,2,5,2007.8336506048936,0.1041666666666666,86,1.0
gat,1.4,2,6,1793.1634396375098,0.1041666666666666,86,1.0
gat,1.4,2,7,1082.7318345043816,0.90625,15,1.0
gat,1.4,2,8,674.2014501155244,0.9583333333333334,10,1.0
gat,1.4,2,9,1083.7774259730386,0.625,36,1.0
gat,1.4,2,10,1311.423059379163,0.53125,45,1.0
gat,1.4,2,11,1419.380154201391,0.40625,58,1.0
gat,1.4,2,12,874.9220637809079,0.7083333333333334,28,1.0
gat,1.4,2,13,1214.07873090707,0.21875,75,1.0
gat,1.4,2,14,556.1352535454455,0.9166666666666666,16,1.0
gat,1.4,2,15,545.325965019419,1.0,0,1.0
gat,1.4,2,16,902.4330554113913,0.5,48,1.0
gat,1.4,2,17,1146.6131874471855,0.4791666666666667,50,1.0
gat,1.4,2,18,1345.7764296061555,0.21875,75,1.0
gat,1.4,2,19,705.3501605742698,0.65625,33,1.0
gat,1.4,2,20,665.5109223652424,0.6458333333333334,34,1.0
gat,1.4,2,21,453.26646734342137,0.9583333333333334,18,1.0
gat,1.4,2,22,370.673056386333,1.0,0,1.0
gat,1.4,2,23,1012.510929776933,0.3229166666666667,66,1.0
gat,1.4,2,24,1092.401625571715,0.28125,70,1.0
gat,1.4,2,25,1341.177461753373,0.1458333333333333,83,1.0
gat,1.4,2,26,804.7278002724747,0.6666666666666666,32,1.0
gat,1.4,2,27,642.2110981903761,0.6458333333333334,34,1.0
gat,1.4,2,28,548.9868839844517,0.9583333333333334,12,1.0
gat,1.4,2,29,575.1701153879889,0.96875,3,1.0
gat,1.4,2,30,790.8878825339177,0.4270833333333333,56,1.0
gcn,1.0,0,0,370.3098575716614,1.0,0,1.0
gcn,1.0,0,1,300.275296342879,1.0,0,1.0
gcn,1.0,0,2,524.8249324372973,1.0,0,1.0
gcn,1.0,0,3,596.7245539418275,0.9791666666666666,2,1.0
gcn,1.0,0,4,797.3116012030852,0.96875,3,1.0
gcn,1.0,0,5,1382.4918446093973,1.0,0,1.0
gcn,1.0,0,6,1232.3122587377386,0.9479166666666666,5,1.0
gcn,1.0,0,7,698.0058204859146,1.0,0,1.0
gcn,1.0,0,8,443.6805629868882,1.0,0,1.0
gcn,1.0,0,9,702.5983170968592,0.9375,6,1.0
gcn,1.0,0,10,859.6888075629236,0.9479166666666666,5,1.0
gcn,1.0,0,11,888.8953588442142,1.0,0,1.0
gcn,1.0,0,12,583.8208671931208,1.0,0,1.0
gcn,1.0,0,13,794.0312613124437,0.9166666666666666,8,1.0
gcn,1.0,0,14,385.4654360334296,1.0,0,1.0
gcn,1.0,0,15,367.6122565293242,1.0,0,1.0
gcn,1.0,0,16,597.8242468307002,0.9895833333333334,2,1.0
gcn,1.0,0,17,749.7845332085694,0.9479166666666666,5,1.0
gcn,1.0,0,18,892.5025099129194,1.0,0,1.0
gcn,1.0,0,19,471.89375376489744,0.9895833333333334,1,1.0
gcn,1.0,0,20,441.3750402308222,0.96875,3,1.0
gcn,1.0,0,21,312.66932475266185,1.0,0,1.0
gcn,1.0,0,22,251.47561996849535,1.0,0,1.0
gcn,1.0,0,23,621.8989519601616,0.9375,7,1.0
gcn,1.0,0,24,708.1009014214859,0.9791666666666666,4,1.0
gcn,1.0,0,25,901.1975654430444,1.0,0,1.0
gcn,1.0,0,26,539.4593610750671,1.0,0,1.0
gcn,1.0,0,27,424.83587149425256,0.96875,3,1.0
gcn,1.0,0,28,352.3062363332668,1.0,0,1.0
gcn,1.0,0,29,382.8590657173237,1.0,0,1.0
gcn,1.0,0,30,511.3926839606429,0.84375,15,1.0
gcn,1.0,1,0,342.9100156385956,1.0,0,1.0
gcn,1.0,1,1,274.4390806773647,1.0,0,1.0
gcn,1.0,1,2,499.6583978586293,1.0,0,1.0
gcn,1.0,1,3,565.4547802474681,0.9895833333333334,3,1.0
gcn,1.0,1,4,768.7449208525751,1.0,0,1.0
gcn,1.0,1,5,1380.964645497518,1.0,5,1.0
gcn,1.0,1,6,1233.342338818195,0.9479166666666666,13,1.0
gcn,1.0,1,7,685.9966746503684,1.0,0,1.0
gcn,1.0,1,8,402.5566310718464,1.0,0,1.0
gcn,1.0,1,9,673.4126721196106,0.9375,7,1.0
gcn,1.0,1,10,802.5086114164864,0.9479166666666666,6,1.0
gcn,1.0,1,11,881.1783313158337,1.0,0,1.0
gcn,1.0,1,12,552.5184116132023,1.0,0,1.0
gcn,1.0,1,13,787.8880364170972,1.0,1,1.0
gcn,1.0,1,14,358.06329020803395,1.0,0,1.0
gcn,1.0,1,15,323.33896637510776,1.0,0,1.0
gcn,1.0,1,16,548.9169239655888,1.0,0,1.0
gcn,1.0,1,17,704.521986929025,1.0,0,1.0
gcn,1.0,1,18,885.8825571286569,1.0,1,1.0
gcn,1.0,1,19,445.9279649316911,1.0,0,1.0
gcn,1.0,1,20,420.0058005849032,1.0,0,1.0
gcn,1.0,1,21,292.6023920681897,1.0,0,1.0
gcn,1.0,1,22,231.32322559318035,1.0,0,1.0
gcn,1.0,1,23,617.7988889065938,1.0,0,1.0
gcn,1.0,1,24,699.0210867120558,1.0,0,1.0
gcn,1.0,1,25,898.5397038298532,1.0,0,1.0
gcn,1.0,1,26,502.26736505786806,1.0,0,1.0
gcn,1.0,1,27,401.9296919092805,1.0,0,1.0
gcn,1.0,1,28,349.8923077821896,1.0,0,1.0
gcn,1.0,1,29,375.2370937112398,1.0,0,1.0
gcn,1.0,1,30,475.94283665910285,0.96875,3,1.0
gcn,1.0,2,0,350.5301706148578,1.0,0,1.0
gcn,1.0,2,1,282.7233458717214,1.0,0,1.0
gcn,1.0,2,2,516.8156854658108,1.0,0,1.0
gcn,1.0,2,3,581.3191371726305,0.96875,5,1.0
gcn,1.0,2,4,789.2039557831844,1.0,0,1.0
gcn,1.0,2,5,1378.1735381435983,1.0,21,1.0
gcn,1.0,2,6,1229.1665229126668,0.9583333333333334,26,1.0
gcn,1.0,2,7,693.7212564603132,1.0,0,1.0
gcn,1.0,2,8,416.5683163577677,1.0,0,1.0
gcn,1.0,2,9,675.993095153115,0.9270833333333334,8,1.0
gcn,1.0,2,10,801.6689935129091,0.9270833333333334,10,1.0
gcn,1.0,2,11,875.7541666614559,1.0,5,1.0
gcn,1.0,2,12,565.9243732418131,1.0,3,1.0
gcn,1.0,2,13,761.0711440911291,1.0,1,1.0
gcn,1.0,2,14,368.2434272266439,1.0,0,1.0
gcn,1.0,2,15,320.92602013973027,1.0,0,1.0
gcn,1.0,2,16,551.531714123066,1.0,0,1.0
gcn,1.0,2,17,715.0048039661708,1.0,7,1.0
gcn,1.0,2,18,879.9717580579561,1.0,0,1.0
gcn,1.0,2,19,465.7659741495814,1.0,1,1.0
gcn,1.0,2,20,442.0283215104464,0.9895833333333334,9,1.0
gcn,1.0,2,21,304.6736750052664,1.0,0,1.0
gcn,1.0,2,22,240.9868497430465,1.0,0,1.0
gcn,1.0,2,23,615.9421073538119,1.0,7,1.0
gcn,1.0,2,24,696.2224645811631,1.0,10,1.0
gcn,1.0,2,25,886.4914675185715,1.0,0,1.0
gcn,1.0,2,26,525.1402010980105,1.0,0,1.0
gcn,1.0,2,27,422.4062489348753,0.9895833333333334,6,1.0
gcn,1.0,2,28,352.1663260907501,1.0,0,1.0
gcn,1.0,2,29,379.54529114214415,1.0,0,1.0
gcn,1.0,2,30,492.2701554271465,0.9583333333333334,16,1.0
gcn,1.1,0,0,415.6318965565324,1.0,0,1.0
gcn,1.1,0,1,339.1960085863445,1.0,0,1.0
gcn,1.1,0,2,595.2462396317545,0.9583333333333334,5,1.0
gcn,1.1,0,3,678.494849772222,0.9270833333333334,8,1.0
gcn,1.1,0,4,905.4579712255656,0.8020833333333334,19,1.0
gcn,1.1,0,5,1537.0655370543632,0.625,36,1.0
gcn,1.1,0,6,1371.3397660841958,0.59375,39,1.0
gcn,1.1,0,7,791.3531910570308,1.0,0,1.0
gcn,1.1,0,8,503.6829711736838,1.0,0,1.0
gcn,1.1,0,9,798.6398051298975,0.90625,9,1.0
gcn,1.1,0,10,971.325161866878,0.8541666666666666,14,1.0
gcn,1.1,0,11,1016.4733391552292,0.8541666666666666,15,1.0
gcn,1.1,0,12,661.703500811045,0.96875,3,1.0
gcn,1.1,0,13,896.9496147838192,0.7708333333333334,22,1.0
gcn,1.1,0,14,435.3853771318391,1.0,0,1.0
gcn,1.1,0,15,415.7850480274336,1.0,0,1.0
gcn,1.1,0,16,676.4439071795179,0.8854166666666666,11,1.0
gcn,1.1,0,17,854.8782390839774,0.78125,21,1.0
gcn,1.1,0,18,1005.3458260164472,0.7916666666666666,20,1.0
gcn,1.1,0,19,527.3186316538857,0.9270833333333334,7,1.0
gcn,1.1,0,20,495.37203272670087,0.9166666666666666,8,1.0
gcn,1.1,0,21,351.9785104783534,1.0,0,1.0
gcn,1.1,0,22,283.15327533436744,1.0,0,1.0
gcn,1.1,0,23,714.6815142552895,0.8020833333333334,19,1.0
gcn,1.1,0,24,802.3678561311575,0.7395833333333334,26,1.0
gcn,1.1,0,25,1010.168153822098,0.78125,21,1.0
gcn,1.1,0,26,601.2074674581612,0.9270833333333334,7,1.0
gcn,1.1,0,27,475.7344957890885,0.90625,9,1.0
gcn,1.1,0,28,400.63077628204,1.0,0,1.0
gcn,1.1,0,29,430.989836511032,1.0,0,1.0
gcn,1.1,0,30,578.9716807368249,0.7291666666666666,26,1.0
gcn,1.1,1,0,389.31107938185215,1.0,0,1.0
gcn,1.1,1,1,312.74205381993426,1.0,0,1.0
gcn,1.1,1,2,569.1156905357615,0.9895833333333334,1,1.0
gcn,1.1,1,3,643.9849337038391,0.9375,6,1.0
gcn,1.1,1,4,879.5141511808881,0.9479166666666666,5,1.0
gcn,1.1,1,5,1534.3964958033475,0.6979166666666666,39,1.0
gcn,1.1,1,6,1371.7986985297368,0.7083333333333334,38,1.0
gcn,1.1,1,7,783.1812585759246,1.0,0,1.0
gcn,1.1,1,8,463.4848369725067,1.0,0,1.0
gcn,1.1,1,9,768.846461846041,0.90625,11,1.0
gcn,1.1,1,10,910.3201894861942,0.875,16,1.0
gcn,1.1,1,11,1007.3403156984292,0.9375,6,1.0
gcn,1.1,1,12,633.7118676184822,0.9791666666666666,2,1.0
gcn,1.1,1,13,890.3136838095485,0.9479166666666666,18,1.0
gcn,1.1,1,14,405.9782317363152,1.0,0,1.0
gcn,1.1,1,15,367.6807927708085,1.0,0,1.0
gcn,1.1,1,16,625.1985354127812,0.9479166666666666,6,1.0
gcn,1.1,1,17,806.7327195923945,0.9583333333333334,5,1.0
gcn,1.1,1,18,999.0484741177414,0.90625,16,1.0
gcn,1.1,1,19,504.4132810012186,0.9583333333333334,4,1.0
gcn,1.1,1,20,473.6696150127884,0.9583333333333334,5,1.0
gcn,1.1,1,21,331.21179312342264,1.0,0,1.0
gcn,1.1,1,22,260.4878603985559,1.0,0,1.0
gcn,1.1,1,23,713.5730216012598,0.9270833333333334,7,1.0
gcn,1.1,1,24,792.7743632825224,0.9375,9,1.0
gcn,1.1,1,25,1007.2026779435269,0.9270833333333334,16,1.0
gcn,1.1,1,26,568.3113410768927,0.96875,3,1.0
gcn,1.1,1,27,455.951345738561,0.9479166666666666,5,1.0
gcn,1.1,1,28,398.0924178217701,1.0,0,1.0
gcn,1.1,1,29,427.62400571228704,1.0,0,1.0
gcn,1.1,1,30,544.2464612043013,0.90625,14,1.0
gcn,1.1,2,0,399.8356264831486,1.0,0,1.0
gcn,1.1,2,1,320.9909664629548,1.0,0,1.0
gcn,1.1,2,2,587.1622327447737,1.0,0,1.0
gcn,1.1,2,3,655.692371211932,0.9270833333333334,16,1.0
gcn,1.1,2,4,903.603275814598,0.875,19,1.0
gcn,1.1,2,5,1534.9816407752442,0.6354166666666666,51,1.0
gcn,1.1,2,6,1369.079981295548,0.625,50,1.0
gcn,1.1,2,7,791.3388806748253,1.0,0,1.0
gcn,1.1,2,8,474.8634447993023,1.0,0,1.0
gcn,1.1,2,9,766.104024754758,0.90625,13,1.0
gcn,1.1,2,10,927.4562324212422,0.8125,21,1.0
gcn,1.1,2,11,1008.2336680513456,0.8958333333333334,14,1.0
gcn,1.1,2,12,634.2485829760891,0.96875,5,1.0
gcn,1.1,2,13,867.205909987269,0.9166666666666666,23,1.0
gcn,1.1,2,14,425.8571981437562,1.0,0,1.0
gcn,1.1,2,15,369.5281277698352,1.0,0,1.0
gcn,1.1,2,16,631.5653299488515,0.9583333333333334,12,1.0
gcn,1.1,2,17,810.7792653336332,0.90625,28,1.0
gcn,1.1,2,18,991.942306256723,0.96875,16,1.0
gcn,1.1,2,19,523.3278740480856,0.9583333333333334,18,1.0
gcn,1.1,2,20,498.6911675467549,0.9166666666666666,26,1.0
gcn,1.1,2,21,348.37191661951954,1.0,0,1.0
gcn,1.1,2,22,274.21104046473687,1.0,0,1.0
gcn,1.1,2,23,707.3270433874914,0.9375,24,1.0
gcn,1.1,2,24,793.8289385461155,0.8958333333333334,29,1.0
gcn,1.1,2,25,995.6418896528086,0.9375,17,1.0
gcn,1.1,2,26,592.1494553821002,1.0,7,1.0
gcn,1.1,2,27,480.002500365119,0.90625,27,1.0
gcn,1.1,2,28,400.97271119945617,1.0,0,1.0
gcn,1.1,2,29,427.7787200781595,1.0,0,1.0
gcn,1.1,2,30,568.058914826906,0.8125,33,1.0
gcn,1.2,0,0,460.374435493915,1.0,0,1.0
gcn,1.2,0,1,377.198618280449,1.0,0,1.0
gcn,1.2,0,2,670.6898617217113,0.90625,9,1.0
gcn,1.2,0,3,759.0979442784854,0.875,12,1.0
gcn,1.2,0,4,1014.825680318069,0.6666666666666666,32,1.0
gcn,1.2,0,5,1692.7862363775744,0.40625,57,1.0
gcn,1.2,0,6,1511.2504687446256,0.3958333333333333,58,1.0
gcn,1.2,0,7,887.3854672229512,1.0,0,1.0
gcn,1.2,0,8,563.7649409013673,1.0,0,1.0
gcn,1.2,0,9,898.8757684030724,0.8020833333333334,19,1.0
gcn,1.2,0,10,1090.0804349891864,0.6666666666666666,32,1.0
gcn,1.2,0,11,1148.753581351527,0.75,24,1.0
gcn,1.2,0,12,741.9976687181394,0.9270833333333334,7,1.0
gcn,1.2,0,13,1001.1719828190631,0.5833333333333334,41,1.0
gcn,1.2,0,14,482.8076136455516,1.0,0,1.0
gcn,1.2,0,15,461.5556043930065,1.0,0,1.0
gcn,1.2,0,16,753.0257457295517,0.7916666666666666,20,1.0
gcn,1.2,0,17,958.9975228573942,0.6145833333333334,37,1.0
gcn,1.2,0,18,1118.8565184741567,0.5416666666666666,45,1.0
gcn,1.2,0,19,590.4698245139942,0.84375,15,1.0
gcn,1.2,0,20,555.7528395619511,0.8333333333333334,16,1.0
gcn,1.2,0,21,389.7208817435334,1.0,0,1.0
gcn,1.2,0,22,314.89294767819416,1.0,0,1.0
gcn,1.2,0,23,811.5129534657023,0.6145833333333334,37,1.0
gcn,1.2,0,24,898.6835826050757,0.5833333333333334,40,1.0
gcn,1.2,0,25,1120.266144678034,0.53125,45,1.0
gcn,1.2,0,26,675.1128313392854,0.8958333333333334,10,1.0
gcn,1.2,0,27,532.1411404731207,0.8541666666666666,15,1.0
gcn,1.2,0,28,449.7917844482396,1.0,0,1.0
gcn,1.2,0,29,479.7777530603961,1.0,0,1.0
gcn,1.2,0,30,648.3188408056382,0.6145833333333334,37,1.0
gcn,1.2,1,0,435.0357536932679,1.0,0,1.0
gcn,1.2,1,1,351.62320614597826,1.0,0,1.0
gcn,1.2,1,2,639.4798309058247,0.9270833333333334,8,1.0
gcn,1.2,1,3,723.4808817663235,0.9166666666666666,11,1.0
gcn,1.2,1,4,991.2254012596138,0.8645833333333334,19,1.0
gcn,1.2,1,5,1690.2298633429211,0.40625,59,1.0
gcn,1.2,1,6,1515.0201019572116,0.40625,62,1.0
gcn,1.2,1,7,881.538230020704,1.0,0,1.0
gcn,1.2,1,8,526.5633754169022,1.0,0,1.0
gcn,1.2,1,9,857.0754242699642,0.71875,27,1.0
gcn,1.2,1,10,1023.1811415563466,0.7395833333333334,26,1.0
gcn,1.2,1,11,1140.8310875131308,0.875,17,1.0
gcn,1.2,1,12,712.0889680794334,0.9270833333333334,8,1.0
gcn,1.2,1,13,991.185500891244,0.6770833333333334,43,1.0
gcn,1.2,1,14,453.6053732726319,1.0,0,1.0
gcn,1.2,1,15,415.2249028769563,1.0,0,1.0
gcn,1.2,1,16,707.5885327912143,0.9166666666666666,9,1.0
gcn,1.2,1,17,902.198177718118,0.8020833333333334,25,1.0
gcn,1.2,1,18,1114.204359896998,0.6875,35,1.0
gcn,1.2,1,19,562.7457647258898,0.90625,14,1.0
gcn,1.2,1,20,528.2444855343892,0.90625,15,1.0
gcn,1.2,1,21,368.8715498784767,1.0,0,1.0
gcn,1.2,1,22,293.0447206192303,1.0,0,1.0
gcn,1.2,1,23,808.467956294663,0.8125,25,1.0
gcn,1.2,1,24,894.1502673517294,0.7916666666666666,28,1.0
gcn,1.2,1,25,1116.3695160691796,0.65625,40,1.0
gcn,1.2,1,26,641.0644940237632,0.9166666666666666,8,1.0
gcn,1.2,1,27,507.0242167432914,0.9166666666666666,15,1.0
gcn,1.2,1,28,447.1952253405056,1.0,0,1.0
gcn,1.2,1,29,475.88935790296586,1.0,0,1.0
gcn,1.2,1,30,618.7894287261508,0.6770833333333334,34,1.0
gcn,1.2,2,0,447.8503778133893,1.0,0,1.0
gcn,1.2,2,1,359.26311020000225,1.0,0,1.0
gcn,1.2,2,2,662.4995679103968,0.90625,16,1.0
gcn,1.2,2,3,730.7719658081704,0.8645833333333334,22,1.0
gcn,1.2,2,4,1005.5300865295108,0.78125,37,1.0
gcn,1.2,2,5,1691.0290262701296,0.3958333333333333,64,1.0
gcn,1.2,2,6,1509.9897160939747,0.3958333333333333,63,1.0
gcn,1.2,2,7,889.9895333606121,1.0,0,1.0
gcn,1.2,2,8,537.1463207522008,1.0,0,1.0
gcn,1.2,2,9,863.2702285467916,0.7395833333333334,27,1.0
gcn,1.2,2,10,1048.933659550082,0.7395833333333334,26,1.0
gcn,1.2,2,11,1141.4873319625883,0.8333333333333334,21,1.0
gcn,1.2,2,12,705.4188467421569,0.9270833333333334,10,1.0
gcn,1.2,2,13,976.862885920408,0.78125,39,1.0
gcn,1.2,2,14,480.88031952582526,1.0,0,1.0
gcn,1.2,2,15,424.3624657500022,1.0,0,1.0
gcn,1.2,2,16,710.2064776022722,0.90625,25,1.0
gcn,1.2,2,17,909.9397732635632,0.6770833333333334,37,1.0
gcn,1.2,2,18,1105.6469603143314,0.7708333333333334,41,1.0
gcn,1.2,2,19,580.5273854389637,0.8645833333333334,32,1.0
gcn,1.2,2,20,545.2148319742,0.8541666666666666,31,1.0
gcn,1.2,2,21,387.5265230905941,1.0,7,1.0
gcn,1.2,2,22,307.1758436509559,1.0,0,1.0
gcn,1.2,2,23,808.2179094865506,0.7604166666666666,33,1.0
gcn,1.2,2,24,895.0730143937141,0.7395833333333334,41,1.0
gcn,1.2,2,25,1109.870876451684,0.65625,56,1.0
gcn,1.2,2,26,664.5051657183433,0.8854166666666666,29,1.0
gcn,1.2,2,27,522.7519234800235,0.84375,32,1.0
gcn,1.2,2,28,445.75795063563646,1.0,8,1.0
gcn,1.2,2,29,476.3217358382811,1.0,0,1.0
gcn,1.2,2,30,645.895208984988,0.5208333333333334,52,1.0
gcn,1.3,0,0,510.4912876719297,1.0,0,1.0
gcn,1.3,0,1,415.32571934530506,1.0,0,1.0
gcn,1.3,0,2,755.2925710465922,0.6979166666666666,29,1.0
gcn,1.3,0,3,854.8935815761865,0.7395833333333334,25,1.0
gcn,1.3,0,4,1122.4887405540253,0.4895833333333333,49,1.0
gcn,1.3,0,5,1849.6213333814508,0.2083333333333333,76,1.0
gcn,1.3,0,6,1651.8298467549191,0.2604166666666667,71,1.0
gcn,1.3,0,7,986.3907095959136,1.0,0,1.0
gcn,1.3,0,8,628.9170589199408,1.0,0,1.0
gcn,1.3,0,9,1030.6453753464675,0.6041666666666666,38,1.0
gcn,1.3,0,10,1212.5769215527002,0.5208333333333334,46,1.0
gcn,1.3,0,11,1283.4264636008052,0.59375,39,1.0
gcn,1.3,0,12,822.7459355947882,0.8541666666666666,14,1.0
gcn,1.3,0,13,1107.5912293177382,0.3645833333333333,61,1.0
gcn,1.3,0,14,529.235840487559,1.0,0,1.0
gcn,1.3,0,15,508.4617420768281,1.0,0,1.0
gcn,1.3,0,16,837.9310362665944,0.6354166666666666,35,1.0
gcn,1.3,0,17,1068.9504340970504,0.4479166666666667,53,1.0
gcn,1.3,0,18,1233.331769892936,0.2708333333333333,70,1.0
gcn,1.3,0,19,665.5662953781933,0.65625,33,1.0
gcn,1.3,0,20,626.3484067402828,0.6354166666666666,35,1.0
gcn,1.3,0,21,432.2951876178248,1.0,0,1.0
gcn,1.3,0,22,346.450185041704,1.0,0,1.0
gcn,1.3,0,23,911.0579346654234,0.5520833333333334,43,1.0
gcn,1.3,0,24,998.0246096866196,0.40625,57,1.0
gcn,1.3,0,25,1230.9869641479545,0.2604166666666667,71,1.0
gcn,1.3,0,26,756.9311746814411,0.7291666666666666,26,1.0
gcn,1.3,0,27,597.3804197822072,0.6979166666666666,29,1.0
gcn,1.3,0,28,499.6071448976597,1.0,1,1.0
gcn,1.3,0,29,528.3110578643106,1.0,0,1.0
gcn,1.3,0,30,718.8740078567783,0.46875,51,1.0
gcn,1.3,1,0,483.0903589444368,1.0,0,1.0
gcn,1.3,1,1,390.0621862414408,1.0,0,1.0
gcn,1.3,1,2,716.6351449768748,0.8125,23,1.0
gcn,1.3,1,3,810.322891681052,0.7395833333333334,25,1.0
gcn,1.3,1,4,1109.7727480833505,0.6354166666666666,35,1.0
gcn,1.3,1,5,1854.6236477437312,0.2291666666666666,75,1.0
gcn,1.3,1,6,1659.0773065341475,0.21875,76,1.0
gcn,1.3,1,7,980.281835134586,1.0,0,1.0
gcn,1.3,1,8,589.2539371120201,1.0,0,1.0
gcn,1.3,1,9,973.2589913864232,0.6979166666666666,29,1.0
gcn,1.3,1,10,1158.663821052313,0.6770833333333334,32,1.0
gcn,1.3,1,11,1280.4377768524814,0.7083333333333334,35,1.0
gcn,1.3,1,12,790.0067576719425,0.8854166666666666,15,1.0
gcn,1.3,1,13,1098.04502398481,0.4270833333333333,58,1.0
gcn,1.3,1,14,502.2736216200243,1.0,0,1.0
gcn,1.3,1,15,467.5735406381275,1.0,0,1.0
gcn,1.3,1,16,793.6246876957262,0.7291666666666666,27,1.0
gcn,1.3,1,17,1016.199744793434,0.6041666666666666,39,1.0
gcn,1.3,1,18,1227.618828105955,0.3645833333333333,63,1.0
gcn,1.3,1,19,628.5751062817383,0.7395833333333334,25,1.0
gcn,1.3,1,20,596.9000565883296,0.7083333333333334,28,1.0
gcn,1.3,1,21,408.127567417662,1.0,0,1.0
gcn,1.3,1,22,324.7336923523265,1.0,0,1.0
gcn,1.3,1,23,914.1031165857918,0.5729166666666666,53,1.0
gcn,1.3,1,24,994.0111324602271,0.5,57,1.0
gcn,1.3,1,25,1227.8687034643076,0.3333333333333333,68,1.0
gcn,1.3,1,26,709.8349819814631,0.7916666666666666,22,1.0
gcn,1.3,1,27,568.2849926000968,0.7083333333333334,28,1.0
gcn,1.3,1,28,497.6796193328604,1.0,0,1.0
gcn,1.3,1,29,524.685831215709,1.0,0,1.0
gcn,1.3,1,30,725.3952283234062,0.4583333333333333,52,1.0
gcn,1.3,2,0,496.0802125905921,1.0,0,1.0
gcn,1.3,2,1,401.81998634638006,1.0,0,1.0
gcn,1.3,2,2,729.899124561572,0.8125,32,1.0
gcn,1.3,2,3,820.2004558598233,0.6875,31,1.0
gcn,1.3,2,4,1125.5820470814317,0.4479166666666667,55,1.0
gcn,1.3,2,5,1854.251982885092,0.1666666666666666,80,1.0
gcn,1.3,2,6,1651.650958403263,0.21875,75,1.0
gcn,1.3,2,7,986.1810124960494,1.0,4,1.0
gcn,1.3,2,8,599.385801951296,1.0,0,1.0
gcn,1.3,2,9,974.5554274472404,0.6354166666666666,35,1.0
gcn,1.3,2,10,1183.6656826008566,0.6041666666666666,39,1.0
gcn,1.3,2,11,1275.7800015878906,0.7291666666666666,29,1.0
gcn,1.3,2,12,781.2182220120928,0.875,17,1.0
gcn,1.3,2,13,1088.4706836344312,0.40625,60,1.0
gcn,1.3,2,14,529.2652846108006,1.0,13,1.0
gcn,1.3,2,15,482.2697610471205,1.0,0,1.0
gcn,1.3,2,16,811.288054028254,0.6875,38,1.0
gcn,1.3,2,17,1022.000417137457,0.5104166666666666,47,1.0
gcn,1.3,2,18,1226.3383823892318,0.34375,65,1.0
gcn,1.3,2,19,642.6432861604965,0.6041666666666666,38,1.0
gcn,1.3,2,20,608.2117464414528,0.6145833333333334,37,1.0
gcn,1.3,2,21,426.44474682327854,1.0,15,1.0
gcn,1.3,2,22,343.3733820079928,1.0,0,1.0
gcn,1.3,2,23,917.0368446172412,0.5416666666666666,51,1.0
gcn,1.3,2,24,997.4798630793784,0.5,51,1.0
gcn,1.3,2,25,1226.492470644582,0.3645833333333333,73,1.0
gcn,1.3,2,26,729.1226195688207,0.71875,37,1.0
gcn,1.3,2,27,585.0683359376776,0.6041666666666666,38,1.0
gcn,1.3,2,28,493.5211898028704,1.0,15,1.0
gcn,1.3,2,29,523.459301340107,1.0,0,1.0
gcn,1.3,2,30,731.2663359352491,0.3854166666666667,60,1.0
gcn,1.4,0,0,558.4268298029405,1.0,0,1.0
gcn,1.4,0,1,453.519538704841,1.0,0,1.0
gcn,1.4,0,2,839.4488683675592,0.65625,33,1.0
gcn,1.4,0,3,962.0335408288385,0.53125,45,1.0
gcn,1.4,0,4,1235.754849197342,0.4270833333333333,55,1.0
gcn,1.4,0,5,2008.9644116629229,0.1041666666666666,86,1.0
gcn,1.4,0,6,1793.6447378915311,0.1354166666666666,83,1.0
gcn,1.4,0,7,1086.251169202097,0.84375,15,1.0
gcn,1.4,0,8,694.0489598822212,0.9583333333333334,4,1.0
gcn,1.4,0,9,1134.102790095205,0.53125,45,1.0
gcn,1.4,0,10,1333.470796221338,0.4791666666666667,50,1.0
gcn,1.4,0,11,1420.6668981203072,0.3854166666666667,59,1.0
gcn,1.4,0,12,919.4389489466874,0.6770833333333334,31,1.0
gcn,1.4,0,13,1218.995488162842,0.2395833333333333,73,1.0
gcn,1.4,0,14,575.1337684038755,0.8958333333333334,10,1.0
gcn,1.4,0,15,560.1395415187461,1.0,0,1.0
gcn,1.4,0,16,927.2547472382576,0.5416666666666666,44,1.0
gcn,1.4,0,17,1173.781618865058,0.3958333333333333,58,1.0
gcn,1.4,0,18,1348.2117006662247,0.2291666666666666,74,1.0
gcn,1.4,0,19,743.1065042565015,0.53125,45,1.0
gcn,1.4,0,20,693.6652995584378,0.5416666666666666,44,1.0
gcn,1.4,0,21,471.1943426625803,0.9270833333333334,9,1.0
gcn,1.4,0,22,380.9615467587725,1.0,0,1.0
gcn,1.4,0,23,1009.3605870987072,0.3541666666666667,62,1.0
gcn,1.4,0,24,1097.997764982459,0.2708333333333333,70,1.0
gcn,1.4,0,25,1342.8858403194429,0.15625,81,1.0
gcn,1.4,0,26,857.0651849468782,0.5416666666666666,44,1.0
gcn,1.4,0,27,669.7599507695882,0.5729166666666666,41,1.0
gcn,1.4,0,28,550.5530587317822,0.9375,7,1.0
gcn,1.4,0,29,577.029401314553,0.96875,4,1.0
gcn,1.4,0,30,787.9741863533749,0.4479166666666667,53,1.0
gcn,1.4,1,0,533.8928153282643,1.0,0,1.0
gcn,1.4,1,1,429.1318806690601,1.0,0,1.0
gcn,1.4,1,2,804.5250787444162,0.7083333333333334,31,1.0
gcn,1.4,1,3,909.658560238727,0.6770833333333334,31,1.0
gcn,1.4,1,4,1258.6879346461378,0.4479166666666667,58,1.0
gcn,1.4,1,5,2023.2206400692492,0.1041666666666666,86,1.0
gcn,1.4,1,6,1806.5032976673729,0.1354166666666666,83,1.0
gcn,1.4,1,7,1079.0688480583149,0.9479166666666666,9,1.0
gcn,1.4,1,8,653.1252016720525,0.9583333333333334,4,1.0
gcn,1.4,1,9,1090.8502669049144,0.6354166666666666,35,1.0
gcn,1.4,1,10,1299.219224018218,0.5625,42,1.0
gcn,1.4,1,11,1429.7798082096624,0.53125,50,1.0
gcn,1.4,1,12,877.9822380813767,0.6979166666666666,29,1.0
gcn,1.4,1,13,1214.9472859469945,0.28125,70,1.0
gcn,1.4,1,14,550.273563484128,0.9375,7,1.0
gcn,1.4,1,15,523.6312768206266,1.0,0,1.0
gcn,1.4,1,16,889.6553724108758,0.6041666666666666,38,1.0
gcn,1.4,1,17,1146.399654793784,0.4791666666666667,51,1.0
gcn,1.4,1,18,1355.4739775648554,0.2604166666666667,78,1.0
gcn,1.4,1,19,708.4756953268444,0.625,36,1.0
gcn,1.4,1,20,671.431233209994,0.6145833333333334,37,1.0
gcn,1.4,1,21,448.3176303833904,0.9791666666666666,3,1.0
gcn,1.4,1,22,356.87601951692733,1.0,0,1.0
gcn,1.4,1,23,1018.7793166108248,0.3333333333333333,68,1.0
gcn,1.4,1,24,1101.6858483198682,0.3229166666666667,68,1.0
gcn,1.4,1,25,1348.1331782768043,0.15625,83,1.0
gcn,1.4,1,26,798.6442609160765,0.6979166666666666,29,1.0
gcn,1.4,1,27,642.4121733497467,0.625,36,1.0
gcn,1.4,1,28,548.0383461951072,0.96875,6,1.0
gcn,1.4,1,29,574.1678605124127,0.96875,3,1.0
gcn,1.4,1,30,804.5367152700043,0.375,60,1.0
gcn,1.4,2,0,546.2179424343811,1.0,1,1.0
gcn,1.4,2,1,442.4433795274674,1.0,0,1.0
gcn,1.4,2,2,810.2810754303948,0.6666666666666666,37,1.0
gcn,1.4,2,3,925.2600527207788,0.59375,39,1.0
gcn,1.4,2,4,1235.9036367268598,0.3645833333333333,66,1.0
gcn,1.4,2,5,2013.1639616001996,0.15625,81,1.0
gcn,1.4,2,6,1799.0673082647977,0.1458333333333333,82,1.0
gcn,1.4,2,7,1082.3705271256135,0.875,24,1.0
gcn,1.4,2,8,664.3127754767391,0.96875,5,1.0
gcn,1.4,2,9,1096.9340610016911,0.5833333333333334,40,1.0
gcn,1.4,2,10,1330.793938809168,0.5104166666666666,47,1.0
gcn,1.4,2,11,1421.0378918611125,0.5729166666666666,47,1.0
gcn,1.4,2,12,871.7593369738826,0.71875,27,1.0
gcn,1.4,2,13,1204.2480689693996,0.2604166666666667,72,1.0
gcn,1.4,2,14,571.1116173296183,0.9166666666666666,24,1.0
gcn,1.4,2,15,536.1362276814654,1.0,1,1.0
gcn,1.4,2,16,912.0635647140996,0.5416666666666666,45,1.0
gcn,1.4,2,17,1163.8617188653548,0.3645833333333333,62,1.0
gcn,1.4,2,18,1344.7467358212316,0.25,82,1.0
gcn,1.4,2,19,718.449836526191,0.5729166666666666,41,1.0
gcn,1.4,2,20,687.2397477343812,0.5416666666666666,44,1.0
gcn,1.4,2,21,464.612758358899,0.8958333333333334,31,1.0
gcn,1.4,2,22,376.3841526937083,1.0,5,1.0
gcn,1.4,2,23,1018.3228991480185,0.3020833333333333,77,1.0
gcn,1.4,2,24,1110.8651722359211,0.3020833333333333,70,1.0
gcn,1.4,2,25,1334.763332434116,0.1770833333333333,79,1.0
gcn,1.4,2,26,815.2554154058575,0.59375,39,1.0
gcn,1.4,2,27,661.2886514708124,0.5416666666666666,44,1.0
gcn,1.4,2,28,543.7518658526452,0.9479166666666666,25,1.0
gcn,1.4,2,29,571.5819005201892,0.96875,14,1.0
gcn,1.4,2,30,805.1378738827732,0.34375,64,1.0
mlp,1.0,0,0,355.6750612839299,1.0,0,1.0
mlp,1.0,0,1,287.02972097306065,1.0,0,1.0
mlp,1.0,0,2,501.44639326231913,1.0,0,1.0
mlp,1.0,0,3,579.2672640974899,0.96875,3,1.0
mlp,1.0,0,4,766.0718133754615,0.9895833333333334,3,1.0
mlp,1.0,0,5,1383.3805002793,1.0,8,1.0
mlp,1.0,0,6,1233.1187348373494,0.9479166666666666,10,1.0
mlp,1.0,0,7,692.8445415749051,1.0,0,1.0
mlp,1.0,0,8,419.05789578349726,1.0,0,1.0
mlp,1.0,0,9,683.8517017648163,0.9375,6,1.0
mlp,1.0,0,10,809.2442973961437,0.9270833333333334,7,1.0
mlp,1.0,0,11,879.7507544285372,1.0,0,1.0
mlp,1.0,0,12,564.0642541646889,1.0,0,1.0
mlp,1.0,0,13,777.6301482178591,0.9375,6,1.0
mlp,1.0,0,14,369.3757017981833,1.0,0,1.0
mlp,1.0,0,15,337.32787799085645,1.0,0,1.0
mlp,1.0,0,16,561.2753990449589,1.0,0,1.0
mlp,1.0,0,17,699.819495163351,0.9583333333333334,4,1.0
mlp,1.0,0,18,889.5046424616627,1.0,2,1.0
mlp,1.0,0,19,451.8614920721736,1.0,0,1.0
mlp,1.0,0,20,428.1565492917446,0.9791666666666666,2,1.0
mlp,1.0,0,21,299.4612293433974,1.0,0,1.0
mlp,1.0,0,22,235.2596499208735,1.0,0,1.0
mlp,1.0,0,23,610.3145691409611,0.96875,3,1.0
mlp,1.0,0,24,696.8506617923139,1.0,1,1.0
mlp,1.0,0,25,897.4621831868003,1.0,1,1.0
mlp,1.0,0,26,512.1734750203516,1.0,0,1.0
mlp,1.0,0,27,407.3794791653483,0.9791666666666666,2,1.0
mlp,1.0,0,28,349.55074745958086,1.0,0,1.0
mlp,1.0,0,29,380.18068536473714,1.0,0,1.0
mlp,1.0,0,30,475.9342937309393,0.9166666666666666,8,1.0
mlp,1.0,1,0,383.6952500395937,1.0,0,1.0
mlp,1.0,1,1,315.79655769618114,1.0,0,1.0
mlp,1.0,1,2,543.9700086495217,1.0,1,1.0
mlp,1.0,1,3,622.7380433502262,0.96875,3,1.0
mlp,1.0,1,4,773.1559425549599,0.9895833333333334,3,1.0
mlp,1.0,1,5,1391.077306736715,1.0,12,1.0
mlp,1.0,1,6,1240.079024471441,0.9791666666666666,12,1.0
mlp,1.0,1,7,690.7874107207824,1.0,0,1.0
mlp,1.0,1,8,464.0360675327931,1.0,0,1.0
mlp,1.0,1,9,729.8692250685954,0.9270833333333334,8,1.0
mlp,1.0,1,10,866.3132260074539,0.9270833333333334,8,1.0
mlp,1.0,1,11,888.7311932258092,1.0,0,1.0
mlp,1.0,1,12,608.2081749191151,1.0,0,1.0
mlp,1.0,1,13,793.9470874226599,0.96875,6,1.0
mlp,1.0,1,14,398.3623233287822,1.0,0,1.0
mlp,1.0,1,15,342.96445397963055,1.0,0,1.0
mlp,1.0,1,16,583.223224292266,0.9895833333333334,3,1.0
mlp,1.0,1,17,746.5424761680831,0.9583333333333334,7,1.0
mlp,1.0,1,18,894.7210495784832,1.0,0,1.0
mlp,1.0,1,19,482.4147557736664,0.9895833333333334,5,1.0
mlp,1.0,1,20,450.1032620605498,0.96875,6,1.0
mlp,1.0,1,21,319.9093948576143,1.0,0,1.0
mlp,1.0,1,22,259.12041921034177,1.0,0,1.0
mlp,1.0,1,23,613.6653757115735,0.96875,7,1.0
mlp,1.0,1,24,699.3929240179921,1.0,5,1.0
mlp,1.0,1,25,903.1897232547592,1.0,0,1.0
mlp,1.0,1,26,553.0716661177108,1.0,0,1.0
mlp,1.0,1,27,431.8408740724992,0.96875,7,1.0
mlp,1.0,1,28,345.3318972202592,1.0,0,1.0
mlp,1.0,1,29,381.4081831297298,1.0,0,1.0
mlp,1.0,1,30,498.10422595490377,0.9166666666666666,9,1.0
mlp,1.0,2,0,354.83810165813776,1.0,0,1.0
mlp,1.0,2,1,286.0014276729132,1.0,0,1.0
mlp,1.0,2,2,508.7319940731114,1.0,3,1.0
mlp,1.0,2,3,582.7900020218284,0.96875,6,1.0
mlp,1.0,2,4,785.3119543532905,0.9895833333333334,6,1.0
mlp,1.0,2,5,1382.1934690503865,1.0,24,1.0
mlp,1.0,2,6,1232.246188842432,0.96875,28,1.0
mlp,1.0,2,7,689.1776104104538,1.0,0,1.0
mlp,1.0,2,8,422.1870120921077,1.0,0,1.0
mlp,1.0,2,9,686.2031730118275,0.9270833333333334,7,1.0
mlp,1.0,2,10,808.0075522883219,0.9270833333333334,9,1.0
mlp,1.0,2,11,875.5720005662672,1.0,4,1.0
mlp,1.0,2,12,571.1288339894437,1.0,2,1.0
mlp,1.0,2,13,785.8505077694847,0.96875,6,1.0
mlp,1.0,2,14,369.5699526137965,1.0,0,1.0
mlp,1.0,2,15,321.5018336567925,1.0,0,1.0
mlp,1.0,2,16,565.0930937204256,0.9895833333333334,9,1.0
mlp,1.0,2,17,717.020394233165,0.9583333333333334,8,1.0
mlp,1.0,2,18,890.0095366619264,1.0,10,1.0
mlp,1.0,2,19,457.6277372700189,0.9895833333333334,3,1.0
mlp,1.0,2,20,428.3161750522672,0.96875,4,1.0
mlp,1.0,2,21,298.5477944113003,1.0,0,1.0
mlp,1.0,2,22,236.52361519883013,1.0,0,1.0
mlp,1.0,2,23,614.7185333931309,0.96875,6,1.0
mlp,1.0,2,24,700.7033755288935,1.0,10,1.0
mlp,1.0,2,25,900.7897651039436,1.0,16,1.0
mlp,1.0,2,26,518.2374547302084,1.0,6,1.0
mlp,1.0,2,27,414.2964143197788,0.96875,5,1.0
mlp,1.0,2,28,346.92462710278096,1.0,0,1.0
mlp,1.0,2,29,379.6021060742162,1.0,0,1.0
mlp,1.0,2,30,485.7017745428792,0.9270833333333334,7,1.0
mlp,1.1,0,0,400.73185734992376,1.0,0,1.0
mlp,1.1,0,1,325.6459330587866,1.0,0,1.0
mlp,1.1,0,2,569.3734601563217,0.9583333333333334,4,1.0
mlp,1.1,0,3,660.6687340542397,0.9270833333333334,7,1.0
mlp,1.1,0,4,877.4806627549395,0.84375,15,1.0
mlp,1.1,0,5,1537.148443551657,0.625,36,1.0
mlp,1.1,0,6,1373.0274356687337,0.6458333333333334,34,1.0
mlp,1.1,0,7,789.292987422089,1.0,0,1.0
mlp,1.1,0,8,475.7518092742101,1.0,0,1.0
mlp,1.1,0,9,781.6818417097229,0.90625,9,1.0
mlp,1.1,0,10,921.679007685632,0.8854166666666666,11,1.0
mlp,1.1,0,11,1012.1882869784058,0.8854166666666666,11,1.0
mlp,1.1,0,12,641.1196482872812,0.96875,4,1.0
mlp,1.1,0,13,881.4260617175535,0.8333333333333334,16,1.0
mlp,1.1,0,14,418.3487558287964,1.0,0,1.0
mlp,1.1,0,15,386.21076316989166,1.0,0,1.0
mlp,1.1,0,16,642.3334855074766,0.9166666666666666,8,1.0
mlp,1.1,0,17,806.7786559017795,0.8854166666666666,11,1.0
mlp,1.1,0,18,1002.6901186603404,0.8020833333333334,19,1.0
mlp,1.1,0,19,514.9180648850231,0.9270833333333334,7,1.0
mlp,1.1,0,20,483.8569496594508,0.9270833333333334,7,1.0
mlp,1.1,0,21,337.214051503815,1.0,0,1.0
mlp,1.1,0,22,266.50421286421823,1.0,0,1.0
mlp,1.1,0,23,706.2126219833747,0.8229166666666666,17,1.0
mlp,1.1,0,24,793.4253381045447,0.8333333333333334,16,1.0
mlp,1.1,0,25,1007.1848360889184,0.8229166666666666,17,1.0
mlp,1.1,0,26,582.2744551847603,0.9270833333333334,7,1.0
mlp,1.1,0,27,463.7607210500597,0.9166666666666666,8,1.0
mlp,1.1,0,28,398.7379106444547,1.0,0,1.0
mlp,1.1,0,29,428.6888255297114,1.0,0,1.0
mlp,1.1,0,30,538.9999099645887,0.8854166666666666,11,1.0
mlp,1.1,1,0,430.5594783452154,1.0,0,1.0
mlp,1.1,1,1,353.6364230360575,1.0,0,1.0
mlp,1.1,1,2,613.9431044292184,0.9583333333333334,8,1.0
mlp,1.1,1,3,702.8008989568907,0.9270833333333334,8,1.0
mlp,1.1,1,4,880.677070462743,0.90625,10,1.0
mlp,1.1,1,5,1547.1178488911469,0.6458333333333334,36,1.0
mlp,1.1,1,6,1380.9531747657231,0.625,38,1.0
mlp,1.1,1,7,788.4772640280876,1.0,0,1.0
mlp,1.1,1,8,526.3102783456717,1.0,0,1.0
mlp,1.1,1,9,829.6763452914522,0.8854166666666666,17,1.0
mlp,1.1,1,10,988.81736079023,0.8333333333333334,17,1.0
mlp,1.1,1,11,1023.0146710227168,0.875,13,1.0
mlp,1.1,1,12,683.5288893454544,0.96875,4,1.0
mlp,1.1,1,13,897.2703548405445,0.8229166666666666,20,1.0
mlp,1.1,1,14,445.5599785346614,1.0,0,1.0
mlp,1.1,1,15,388.0670223941077,1.0,0,1.0
mlp,1.1,1,16,653.5474215008486,0.8854166666666666,12,1.0
mlp,1.1,1,17,845.6710803565605,0.8958333333333334,13,1.0
mlp,1.1,1,18,1008.4448828305711,0.84375,20,1.0
mlp,1.1,1,19,540.4800253489553,0.9270833333333334,8,1.0
mlp,1.1,1,20,507.1259361108953,0.9166666666666666,9,1.0
mlp,1.1,1,21,359.645564540994,1.0,0,1.0
mlp,1.1,1,22,291.56106587228686,1.0,0,1.0
mlp,1.1,1,23,717.8926146905751,0.8229166666666666,18,1.0
mlp,1.1,1,24,799.622241636043,0.7916666666666666,24,1.0
mlp,1.1,1,25,1015.313467946974,0.8229166666666666,22,1.0
mlp,1.1,1,26,619.8439718521681,0.9270833333333334,8,1.0
mlp,1.1,1,27,487.7892854029724,0.90625,10,1.0
mlp,1.1,1,28,395.1912807777142,1.0,0,1.0
mlp,1.1,1,29,430.4191757424257,1.0,0,1.0
mlp,1.1,1,30,561.4093119360616,0.8333333333333334,28,1.0
mlp,1.1,2,0,399.9751206933829,1.0,0,1.0
mlp,1.1,2,1,324.2132450884941,1.0,0,1.0
mlp,1.1,2,2,579.7349305402861,0.9583333333333334,8,1.0
mlp,1.1,2,3,659.9623496977069,0.9270833333333334,8,1.0
mlp,1.1,2,4,901.2306604223596,0.8333333333333334,17,1.0
mlp,1.1,2,5,1537.8652488023315,0.6458333333333334,47,1.0
mlp,1.1,2,6,1370.952246480056,0.625,49,1.0
mlp,1.1,2,7,785.8945252003964,1.0,0,1.0
mlp,1.1,2,8,480.9478400646445,1.0,0,1.0
mlp,1.1,2,9,778.700025782604,0.90625,9,1.0
mlp,1.1,2,10,931.467016374118,0.8333333333333334,16,1.0
mlp,1.1,2,11,1013.3446471351956,0.8645833333333334,17,1.0
mlp,1.1,2,12,642.8146869246548,0.96875,6,1.0
mlp,1.1,2,13,891.1744037435973,0.8229166666666666,19,1.0
mlp,1.1,2,14,417.67135346794777,1.0,0,1.0
mlp,1.1,2,15,367.3411238620032,1.0,0,1.0
mlp,1.1,2,16,638.8103438386873,0.8854166666666666,11,1.0
mlp,1.1,2,17,816.810864261186,0.90625,10,1.0
mlp,1.1,2,18,1005.6722722894082,0.7916666666666666,27,1.0
mlp,1.1,2,19,523.538587982601,0.9270833333333334,7,1.0
mlp,1.1,2,20,493.87258581094846,0.9166666666666666,8,1.0
mlp,1.1,2,21,338.46912127777784,1.0,0,1.0
mlp,1.1,2,22,268.1384489201327,1.0,0,1.0
mlp,1.1,2,23,713.4180132975532,0.8229166666666666,17,1.0
mlp,1.1,2,24,800.6033959569154,0.7916666666666666,23,1.0
mlp,1.1,2,25,1009.2508553292386,0.7916666666666666,36,1.0
mlp,1.1,2,26,585.1781620487335,0.9270833333333334,8,1.0
mlp,1.1,2,27,472.12670075877537,0.90625,9,1.0
mlp,1.1,2,28,394.72247049168254,1.0,0,1.0
mlp,1.1,2,29,428.0013954581532,1.0,0,1.0
mlp,1.1,2,30,565.7533163072463,0.8229166666666666,17,1.0
mlp,1.2,0,0,446.3079172059731,1.0,0,1.0
mlp,1.2,0,1,363.3542290321696,1.0,0,1.0
mlp,1.2,0,2,642.6533567539411,0.90625,9,1.0
mlp,1.2,0,3,740.6654408065626,0.8958333333333334,11,1.0
mlp,1.2,0,4,987.1517651255492,0.75,25,1.0
mlp,1.2,0,5,1692.1218847588116,0.53125,45,1.0
mlp,1.2,0,6,1513.5659134886807,0.4791666666666667,50,1.0
mlp,1.2,0,7,885.9223846025402,1.0,0,1.0
mlp,1.2,0,8,532.8008119449394,1.0,0,1.0
mlp,1.2,0,9,879.4094226182935,0.7604166666666666,23,1.0
mlp,1.2,0,10,1029.6776311676333,0.7604166666666666,23,1.0
mlp,1.2,0,11,1147.9760799314022,0.8020833333333334,19,1.0
mlp,1.2,0,12,723.4718431634489,0.9270833333333334,7,1.0
mlp,1.2,0,13,983.825102921137,0.71875,27,1.0
mlp,1.2,0,14,465.4064705217638,1.0,0,1.0
mlp,1.2,0,15,436.37909008192247,1.0,0,1.0
mlp,1.2,0,16,726.4105257440594,0.8020833333333334,19,1.0
mlp,1.2,0,17,907.0650915193104,0.7291666666666666,27,1.0
mlp,1.2,0,18,1116.2160799306696,0.625,37,1.0
mlp,1.2,0,19,577.9314889403383,0.8854166666666666,12,1.0
mlp,1.2,0,20,546.1092150910481,0.8541666666666666,18,1.0
mlp,1.2,0,21,374.8177608941878,1.0,0,1.0
mlp,1.2,0,22,298.377205364123,1.0,0,1.0
mlp,1.2,0,23,802.6722080546334,0.6041666666666666,38,1.0
mlp,1.2,0,24,892.8789674970669,0.6354166666666666,38,1.0
mlp,1.2,0,25,1114.6608909218455,0.5833333333333334,41,1.0
mlp,1.2,0,26,655.5689566346191,0.90625,9,1.0
mlp,1.2,0,27,522.9660203548218,0.84375,17,1.0
mlp,1.2,0,28,448.64440988396143,1.0,0,1.0
mlp,1.2,0,29,478.8154668031683,1.0,0,1.0
mlp,1.2,0,30,631.2993568100478,0.6354166666666666,36,1.0
mlp,1.2,1,0,477.5607795313023,1.0,0,1.0
mlp,1.2,1,1,392.60699008567775,1.0,0,1.0
mlp,1.2,1,2,685.2878877172393,0.90625,15,1.0
mlp,1.2,1,3,799.0981366658774,0.8229166666666666,30,1.0
mlp,1.2,1,4,1002.7163931722672,0.7604166666666666,34,1.0
mlp,1.2,1,5,1702.66324178999,0.4375,54,1.0
mlp,1.2,1,6,1533.0098171496777,0.375,63,1.0
mlp,1.2,1,7,888.1841019387441,1.0,0,1.0
mlp,1.2,1,8,589.0637533818234,1.0,0,1.0
mlp,1.2,1,9,944.9923127351988,0.6354166666666666,35,1.0
mlp,1.2,1,10,1132.9501107438575,0.625,40,1.0
mlp,1.2,1,11,1162.4472561073187,0.7916666666666666,23,1.0
mlp,1.2,1,12,763.8727998082427,0.9270833333333334,9,1.0
mlp,1.2,1,13,1007.7222081007338,0.59375,47,1.0
mlp,1.2,1,14,494.9608222145459,1.0,0,1.0
mlp,1.2,1,15,434.5176592287718,1.0,0,1.0
mlp,1.2,1,16,738.0052345201256,0.8333333333333334,27,1.0
mlp,1.2,1,17,970.3173214255588,0.6041666666666666,41,1.0
mlp,1.2,1,18,1135.8363903509,0.5520833333333334,62,1.0
mlp,1.2,1,19,611.2385487483147,0.8125,31,1.0
mlp,1.2,1,20,571.6852103305225,0.7916666666666666,28,1.0
mlp,1.2,1,21,399.6938678080939,1.0,0,1.0
mlp,1.2,1,22,324.18322727112167,1.0,0,1.0
mlp,1.2,1,23,822.9847177493815,0.5416666666666666,44,1.0
mlp,1.2,1,24,912.9623767583804,0.5520833333333334,51,1.0
mlp,1.2,1,25,1128.6160379852108,0.5625,44,1.0
mlp,1.2,1,26,692.2462147359985,0.8958333333333334,16,1.0
mlp,1.2,1,27,549.0523540676284,0.8020833333333334,28,1.0
mlp,1.2,1,28,445.7234812436698,1.0,0,1.0
mlp,1.2,1,29,479.05113104162,1.0,0,1.0
mlp,1.2,1,30,653.3065811413593,0.5520833333333334,43,1.0
mlp,1.2,2,0,446.1430433238303,1.0,0,1.0
mlp,1.2,2,1,362.1512089154192,1.0,0,1.0
mlp,1.2,2,2,662.5375108398698,0.84375,16,1.0
mlp,1.2,2,3,753.56227615425,0.8125,18,1.0
mlp,1.2,2,4,1011.1576082597776,0.7291666666666666,26,1.0
mlp,1.2,2,5,1692.7948433358358,0.375,64,1.0
mlp,1.2,2,6,1511.1572547714254,0.375,62,1.0
mlp,1.2,2,7,883.872824268348,1.0,0,1.0
mlp,1.2,2,8,543.6553614518308,1.0,0,1.0
mlp,1.2,2,9,892.7134584604736,0.7708333333333334,22,1.0
mlp,1.2,2,10,1059.6586099780952,0.7395833333333334,25,1.0
mlp,1.2,2,11,1147.2382691017388,0.7916666666666666,22,1.0
mlp,1.2,2,12,723.8687066802408,0.875,13,1.0
mlp,1.2,2,13,999.552664895738,0.59375,42,1.0
mlp,1.2,2,14,467.2102111892938,1.0,0,1.0
mlp,1.2,2,15,422.1947518098186,1.0,0,1.0
mlp,1.2,2,16,739.946670407007,0.78125,22,1.0
mlp,1.2,2,17,936.0229891249312,0.6979166666666666,29,1.0
mlp,1.2,2,18,1119.158333120677,0.5520833333333334,50,1.0
mlp,1.2,2,19,600.087648616967,0.8020833333333334,19,1.0
mlp,1.2,2,20,565.0260389178599,0.7708333333333334,22,1.0
mlp,1.2,2,21,378.3292309589283,1.0,0,1.0
mlp,1.2,2,22,300.63291648798526,1.0,0,1.0
mlp,1.2,2,23,812.2964048438207,0.6770833333333334,32,1.0
mlp,1.2,2,24,905.8681309102268,0.5833333333333334,41,1.0
mlp,1.2,2,25,1125.0283627762672,0.5208333333333334,52,1.0
mlp,1.2,2,26,674.302443877568,0.8333333333333334,17,1.0
mlp,1.2,2,27,541.3103542304947,0.78125,21,1.0
mlp,1.2,2,28,443.99108586928935,1.0,0,1.0
mlp,1.2,2,29,476.44481995360496,1.0,0,1.0
mlp,1.2,2,30,644.0817236726559,0.625,36,1.0
mlp,1.3,0,0,494.6474444579291,1.0,0,1.0
mlp,1.3,0,1,401.76120619103926,1.0,0,1.0
mlp,1.3,0,2,720.6704238304224,0.8020833333333334,19,1.0
mlp,1.3,0,3,836.6851360882015,0.75,24,1.0
mlp,1.3,0,4,1105.23208488376,0.5520833333333334,43,1.0
mlp,1.3,0,5,1849.9327306757864,0.3020833333333333,67,1.0
mlp,1.3,0,6,1658.034456126357,0.2916666666666667,68,1.0
mlp,1.3,0,7,984.195099221,1.0,0,1.0
mlp,1.3,0,8,600.6218473927269,1.0,0,1.0
mlp,1.3,0,9,998.2875256199244,0.625,37,1.0
mlp,1.3,0,10,1161.8353988207523,0.5625,42,1.0
mlp,1.3,0,11,1283.0803393391432,0.6041666666666666,38,1.0
mlp,1.3,0,12,803.612416425603,0.8854166666666666,11,1.0
mlp,1.3,0,13,1096.7239160165525,0.4583333333333333,54,1.0
mlp,1.3,0,14,512.8372968232807,1.0,1,1.0
mlp,1.3,0,15,490.0263804809068,1.0,0,1.0
mlp,1.3,0,16,829.6464086967469,0.6354166666666666,36,1.0
mlp,1.3,0,17,1018.6990796164408,0.4583333333333333,52,1.0
mlp,1.3,0,18,1232.8671032035538,0.3229166666666667,65,1.0
mlp,1.3,0,19,649.9943276555804,0.6979166666666666,29,1.0
mlp,1.3,0,20,610.3171823645348,0.71875,27,1.0
mlp,1.3,0,21,415.0619907641399,1.0,2,1.0
mlp,1.3,0,22,330.6816431564317,1.0,0,1.0
mlp,1.3,0,23,901.6190017094366,0.5104166666666666,48,1.0
mlp,1.3,0,24,992.0981313503928,0.46875,51,1.0
mlp,1.3,0,25,1223.6748173126498,0.3645833333333333,61,1.0
mlp,1.3,0,26,731.7857796386106,0.7604166666666666,24,1.0
mlp,1.3,0,27,585.2561505045708,0.7291666666666666,26,1.0
mlp,1.3,0,28,499.0444668174858,1.0,1,1.0
mlp,1.3,0,29,527.9444070322571,1.0,0,1.0
mlp,1.3,0,30,727.909607632234,0.3958333333333333,59,1.0
mlp,1.3,1,0,524.6870398751088,1.0,0,1.0
mlp,1.3,1,1,431.4066116000036,1.0,0,1.0
mlp,1.3,1,2,781.9086621615148,0.6770833333333334,35,1.0
mlp,1.3,1,3,895.4936899570239,0.5833333333333334,40,1.0
mlp,1.3,1,4,1133.0221717668112,0.4791666666666667,50,1.0
mlp,1.3,1,5,1903.6006465944677,0.125,84,1.0
mlp,1.3,1,6,1700.698337456874,0.15625,84,1.0
mlp,1.3,1,7,988.9562404236058,1.0,1,1.0
mlp,1.3,1,8,652.4514101729729,1.0,3,1.0
mlp,1.3,1,9,1077.740071382413,0.53125,47,1.0
mlp,1.3,1,10,1276.8327364304887,0.46875,51,1.0
mlp,1.3,1,11,1305.0400212690229,0.5,52,1.0
mlp,1.3,1,12,863.7915294603558,0.8229166666666666,25,1.0
mlp,1.3,1,13,1121.9289340348569,0.2916666666666667,70,1.0
mlp,1.3,1,14,550.4297128812944,1.0,0,1.0
mlp,1.3,1,15,482.72844943746287,1.0,0,1.0
mlp,1.3,1,16,839.2063465928622,0.5729166666666666,41,1.0
mlp,1.3,1,17,1094.212935815306,0.4270833333333333,55,1.0
mlp,1.3,1,18,1249.6247248151435,0.2604166666666667,71,1.0
mlp,1.3,1,19,687.0854291934919,0.59375,39,1.0
mlp,1.3,1,20,657.4705955055489,0.53125,46,1.0
mlp,1.3,1,21,442.63726819182665,1.0,0,1.0
mlp,1.3,1,22,356.4793429626493,1.0,0,1.0
mlp,1.3,1,23,920.4256201177864,0.46875,51,1.0
mlp,1.3,1,24,1011.4097909564056,0.3958333333333333,58,1.0
mlp,1.3,1,25,1249.520044852894,0.2604166666666667,77,1.0
mlp,1.3,1,26,786.3251429441027,0.625,36,1.0
mlp,1.3,1,27,635.574271313338,0.53125,47,1.0
mlp,1.3,1,28,497.33627641412295,1.0,0,1.0
mlp,1.3,1,29,526.2519031023778,1.0,4,1.0
mlp,1.3,1,30,732.9691028840504,0.46875,51,1.0
mlp,1.3,2,0,495.5857945906825,1.0,0,1.0
mlp,1.3,2,1,400.1146568175124,1.0,0,1.0
mlp,1.3,2,2,752.9118701821192,0.75,26,1.0
mlp,1.3,2,3,845.6760539271969,0.71875,27,1.0
mlp,1.3,2,4,1124.3631897171526,0.5,48,1.0
mlp,1.3,2,5,1849.3565210414515,0.2083333333333333,76,1.0
mlp,1.3,2,6,1651.6088513543557,0.3020833333333333,68,1.0
mlp,1.3,2,7,983.3609426462748,1.0,8,1.0
mlp,1.3,2,8,611.4792152801174,1.0,1,1.0
mlp,1.3,2,9,1002.8945222175156,0.6666666666666666,32,1.0
mlp,1.3,2,10,1217.4279710036058,0.5,48,1.0
mlp,1.3,2,11,1291.1727470300248,0.6145833333333334,38,1.0
mlp,1.3,2,12,812.6400477249719,0.8020833333333334,19,1.0
mlp,1.3,2,13,1092.068552119187,0.375,60,1.0
mlp,1.3,2,14,514.2688492436216,1.0,5,1.0
mlp,1.3,2,15,470.3698623286176,1.0,0,1.0
mlp,1.3,2,16,829.2053512367323,0.65625,33,1.0
mlp,1.3,2,17,1048.9210299890244,0.4583333333333333,52,1.0
mlp,1.3,2,18,1242.4848125376288,0.25,72,1.0
mlp,1.3,2,19,681.0914590578002,0.53125,45,1.0
mlp,1.3,2,20,642.4920632172542,0.5104166666666666,47,1.0
mlp,1.3,2,21,421.63235790152817,1.0,0,1.0
mlp,1.3,2,22,333.95030852573143,1.0,0,1.0
mlp,1.3,2,23,913.4522836379064,0.4895833333333333,49,1.0
mlp,1.3,2,24,1005.965345082836,0.3125,67,1.0
mlp,1.3,2,25,1239.0393251272474,0.25,72,1.0
mlp,1.3,2,26,760.0873060629657,0.7291666666666666,26,1.0
mlp,1.3,2,27,614.3937461278845,0.5208333333333334,46,1.0
mlp,1.3,2,28,494.7295127309508,1.0,2,1.0
mlp,1.3,2,29,525.0151549328112,1.0,0,1.0
mlp,1.3,2,30,735.8265654755536,0.3645833333333333,61,1.0
mlp,1.4,0,0,542.4645150193679,1.0,0,1.0
mlp,1.4,0,1,439.99847616814486,1.0,0,1.0
mlp,1.4,0,2,822.4832278084506,0.6458333333333334,34,1.0
mlp,1.4,0,3,930.051766025632,0.5520833333333334,43,1.0
mlp,1.4,0,4,1226.4977953551052,0.34375,63,1.0
mlp,1.4,0,5,2002.077556707748,0.1041666666666666,86,1.0
mlp,1.4,0,6,1795.8619207640986,0.1041666666666666,86,1.0
mlp,1.4,0,7,1083.0985109939847,0.8645833333333334,13,1.0
mlp,1.4,0,8,663.1562447921609,0.9583333333333334,4,1.0
mlp,1.4,0,9,1098.316246474096,0.5416666666666666,44,1.0
mlp,1.4,0,10,1298.7106915175918,0.5,48,1.0
mlp,1.4,0,11,1415.4454371100403,0.34375,63,1.0
mlp,1.4,0,12,899.1602301761606,0.7291666666666666,26,1.0
mlp,1.4,0,13,1199.836460819842,0.2291666666666666,74,1.0
mlp,1.4,0,14,565.8976488585482,0.90625,9,1.0
mlp,1.4,0,15,544.2332792128462,1.0,0,1.0
mlp,1.4,0,16,935.309333451282,0.4895833333333333,50,1.0
mlp,1.4,0,17,1135.3091767710837,0.3854166666666667,59,1.0
mlp,1.4,0,18,1339.5312645825818,0.21875,75,1.0
mlp,1.4,0,19,719.3244325518378,0.5625,42,1.0
mlp,1.4,0,20,683.1965912041005,0.5416666666666666,44,1.0
mlp,1.4,0,21,455.7927455214336,0.9270833333333334,7,1.0
mlp,1.4,0,22,363.7626597632176,1.0,0,1.0
mlp,1.4,0,23,998.3726952414588,0.3541666666666667,63,1.0
mlp,1.4,0,24,1093.6542656042084,0.28125,69,1.0
mlp,1.4,0,25,1344.4036275625103,0.2083333333333333,76,1.0
mlp,1.4,0,26,825.226746222026,0.65625,33,1.0
mlp,1.4,0,27,653.2782334742094,0.5520833333333334,43,1.0
mlp,1.4,0,28,550.3824588932434,0.9166666666666666,8,1.0
mlp,1.4,0,29,576.9411463748042,0.96875,3,1.0
mlp,1.4,0,30,801.06165922257,0.34375,63,1.0
mlp,1.4,1,0,582.7919981934714,1.0,0,1.0
mlp,1.4,1,1,471.0313624557331,1.0,0,1.0
mlp,1.4,1,2,880.2672753647014,0.4895833333333333,49,1.0
mlp,1.4,1,3,1003.8632610449828,0.5,48,1.0
mlp,1.4,1,4,1237.035089828912,0.3541666666666667,62,1.0
mlp,1.4,1,5,2062.6710179140705,0.1041666666666666,86,1.0
mlp,1.4,1,6,1845.2667883237568,0.1041666666666666,86,1.0
mlp,1.4,1,7,1085.4408491259212,0.8854166666666666,15,1.0
mlp,1.4,1,8,720.1028408751702,0.9583333333333334,6,1.0
mlp,1.4,1,9,1176.5280654026585,0.40625,57,1.0
mlp,1.4,1,10,1377.9768057271308,0.3541666666666667,62,1.0
mlp,1.4,1,11,1438.528810313241,0.4270833333333333,55,1.0
mlp,1.4,1,12,966.5246321143388,0.5833333333333334,40,1.0
mlp,1.4,1,13,1232.2928172848538,0.2291666666666666,74,1.0
mlp,1.4,1,14,601.8132816288605,0.90625,12,1.0
mlp,1.4,1,15,534.504345385474,1.0,4,1.0
mlp,1.4,1,16,941.3348798328418,0.4583333333333333,52,1.0
mlp,1.4,1,17,1187.6882710647874,0.3333333333333333,64,1.0
mlp,1.4,1,18,1366.2997357286783,0.21875,75,1.0
mlp,1.4,1,19,770.1743502977299,0.5,48,1.0
mlp,1.4,1,20,728.596241558967,0.3854166666666667,59,1.0
mlp,1.4,1,21,485.67571037596025,0.9583333333333334,9,1.0
mlp,1.4,1,22,389.49489412943245,1.0,4,1.0
mlp,1.4,1,23,1021.0386883622596,0.375,60,1.0
mlp,1.4,1,24,1101.957198703748,0.2708333333333333,70,1.0
mlp,1.4,1,25,1363.0581363802053,0.1458333333333333,82,1.0
mlp,1.4,1,26,884.6091263269751,0.5104166666666666,47,1.0
mlp,1.4,1,27,699.453137362329,0.4895833333333333,49,1.0
mlp,1.4,1,28,550.4445080701447,0.9583333333333334,10,1.0
mlp,1.4,1,29,573.6560442669246,0.96875,7,1.0
mlp,1.4,1,30,804.305598940261,0.3958333333333333,58,1.0
mlp,1.4,2,0,545.0398537567131,1.0,0,1.0
mlp,1.4,2,1,438.5548943477594,1.0,0,1.0
mlp,1.4,2,2,836.1522871235908,0.6458333333333334,34,1.0
mlp,1.4,2,3,965.1592336718722,0.5,48,1.0
mlp,1.4,2,4,1241.1070478798554,0.3333333333333333,64,1.0
mlp,1.4,2,5,2013.61597658649,0.1145833333333333,85,1.0
mlp,1.4,2,6,1798.0383473905924,0.1145833333333333,85,1.0
mlp,1.4,2,7,1085.0215436862932,0.8854166666666666,18,1.0
mlp,1.4,2,8,673.8334902395484,0.96875,7,1.0
mlp,1.4,2,9,1161.953444457735,0.3958333333333333,58,1.0
mlp,1.4,2,10,1356.0438327737493,0.4166666666666667,56,1.0
mlp,1.4,2,11,1437.6994070271917,0.40625,57,1.0
mlp,1.4,2,12,901.371240947897,0.7395833333333334,25,1.0
mlp,1.4,2,13,1215.3047553792928,0.2083333333333333,76,1.0
mlp,1.4,2,14,563.5984040427593,0.9166666666666666,8,1.0
mlp,1.4,2,15,525.6933460176556,1.0,0,1.0
mlp,1.4,2,16,930.6811237829515,0.4270833333333333,55,1.0
mlp,1.4,2,17,1182.0076203181866,0.3229166666666667,65,1.0
mlp,1.4,2,18,1361.8769518212694,0.1145833333333333,85,1.0
mlp,1.4,2,19,755.8143232346363,0.46875,51,1.0
mlp,1.4,2,20,708.2021788301854,0.46875,51,1.0
mlp,1.4,2,21,468.1342439392598,0.90625,12,1.0
mlp,1.4,2,22,367.8763491804827,1.0,1,1.0
mlp,1.4,2,23,1012.1978599945292,0.3333333333333333,65,1.0
mlp,1.4,2,24,1109.2656110426392,0.2604166666666667,72,1.0
mlp,1.4,2,25,1336.9451320042642,0.1041666666666666,86,1.0
mlp,1.4,2,26,856.6105272396555,0.5104166666666666,47,1.0
mlp,1.4,2,27,682.1459217371255,0.4791666666666667,50,1.0
mlp,1.4,2,28,546.0960153571888,0.9166666666666666,14,1.0
mlp,1.4,2,29,573.92263804091,0.96875,3,1.0
mlp,1.4,2,30,804.2140463745934,0.34375,63,1.0
tagconv,1.0,0,0,358.8261551397302,1.0,0,1.0
tagconv,1.0,0,1,292.34842571750835,1.0,0,1.0
tagconv,1.0,0,2,496.72372964054745,1.0,5,1.0
tagconv,1.0,0,3,575.6230285694912,0.96875,6,1.0
tagconv,1.0,0,4,784.2568661104874,0.9895833333333334,5,1.0
tagconv,1.0,0,5,1371.626928586638,1.0,23,1.0
tagconv,1.0,0,6,1223.2886743227425,1.0,19,1.0
tagconv,1.0,0,7,689.2643310795153,1.0,0,1.0
tagconv,1.0,0,8,431.06216433777473,1.0,0,1.0
tagconv,1.0,0,9,666.7184767293774,0.9375,7,1.0
tagconv,1.0,0,10,799.0450833372074,0.9270833333333334,8,1.0
tagconv,1.0,0,11,866.8480198212425,1.0,5,1.0
tagconv,1.0,0,12,555.6606739864756,1.0,5,1.0
tagconv,1.0,0,13,773.2570083097315,0.96875,7,1.0
tagconv,1.0,0,14,379.3694646079123,1.0,0,1.0
tagconv,1.0,0,15,332.74779573042963,1.0,0,1.0
tagconv,1.0,0,16,556.6742802997909,0.9895833333333334,8,1.0
tagconv,1.0,0,17,702.753670192014,0.9583333333333334,7,1.0
tagconv,1.0,0,18,883.206820559919,1.0,11,1.0
tagconv,1.0,0,19,453.52606491133054,0.9895833333333334,6,1.0
tagconv,1.0,0,20,425.6937906432138,0.96875,5,1.0
tagconv,1.0,0,21,300.8412391852792,1.0,0,1.0
tagconv,1.0,0,22,239.53865905403637,1.0,0,1.0
tagconv,1.0,0,23,615.321100065963,0.96875,6,1.0
tagconv,1.0,0,24,691.9838083333912,1.0,9,1.0
tagconv,1.0,0,25,893.0962236836273,1.0,13,1.0
tagconv,1.0,0,26,514.2941889868757,1.0,7,1.0
tagconv,1.0,0,27,407.9891207285351,0.96875,6,1.0
tagconv,1.0,0,28,342.04042002013307,1.0,0,1.0
tagconv,1.0,0,29,376.9330573825485,1.0,0,1.0
tagconv,1.0,0,30,469.6109569360245,0.9375,6,1.0
tagconv,1.0,1,0,367.1209514372983,1.0,0,1.0
tagconv,1.0,1,1,299.3393585900928,1.0,0,1.0
tagconv,1.0,1,2,527.6314241472066,1.0,0,1.0
tagconv,1.0,1,3,597.523213393,1.0,0,1.0
tagconv,1.0,1,4,761.3465951468087,1.0,0,1.0
tagconv,1.0,1,5,1377.7657969944055,1.0,0,1.0
tagconv,1.0,1,6,1222.8083193050495,1.0,5,1.0
tagconv,1.0,1,7,687.2355463824857,1.0,0,1.0
tagconv,1.0,1,8,447.9358189231945,1.0,0,1.0
tagconv,1.0,1,9,701.125388546038,0.9375,6,1.0
tagconv,1.0,1,10,821.2236235095611,0.9375,6,1.0
tagconv,1.0,1,11,871.5448400600187,1.0,0,1.0
tagconv,1.0,1,12,583.8806962231499,1.0,0,1.0
tagconv,1.0,1,13,785.9498918518426,1.0,0,1.0
tagconv,1.0,1,14,380.08651165827337,1.0,0,1.0
tagconv,1.0,1,15,335.90974369833503,1.0,0,1.0
tagconv,1.0,1,16,576.5796104800188,1.0,0,1.0
tagconv,1.0,1,17,738.8295981949502,1.0,0,1.0
tagconv,1.0,1,18,887.2072561681889,1.0,0,1.0
tagconv,1.0,1,19,465.75334668728135,1.0,0,1.0
tagconv,1.0,1,20,435.2476843020348,1.0,0,1.0
tagconv,1.0,1,21,309.6321829801069,1.0,0,1.0
tagconv,1.0,1,22,247.1064691830072,1.0,0,1.0
tagconv,1.0,1,23,610.6493365959908,0.9895833333333334,1,1.0
tagconv,1.0,1,24,691.0412456668694,1.0,0,1.0
tagconv,1.0,1,25,896.5870691442069,1.0,0,1.0
tagconv,1.0,1,26,528.244909201336,1.0,0,1.0
tagconv,1.0,1,27,418.6081003050825,1.0,0,1.0
tagconv,1.0,1,28,344.9142908443526,1.0,0,1.0
tagconv,1.0,1,29,377.2389303837293,1.0,0,1.0
tagconv,1.0,1,30,485.2330791880794,0.9375,6,1.0
tagconv,1.0,2,0,339.6944554142096,1.0,0,1.0
tagconv,1.0,2,1,271.672704634336,1.0,0,1.0
tagconv,1.0,2,2,494.40060788985903,1.0,1,1.0
tagconv,1.0,2,3,564.7083288980664,0.96875,5,1.0
tagconv,1.0,2,4,780.9731624619386,0.9895833333333334,4,1.0
tagconv,1.0,2,5,1382.3082260201768,1.0,6,1.0
tagconv,1.0,2,6,1229.9517323896796,0.9583333333333334,10,1.0
tagconv,1.0,2,7,697.5072571053804,1.0,0,1.0
tagconv,1.0,2,8,408.8354308877864,1.0,0,1.0
tagconv,1.0,2,9,662.281200801763,0.9270833333333334,7,1.0
tagconv,1.0,2,10,782.7503242228472,0.9270833333333334,9,1.0
tagconv,1.0,2,11,875.3313768057067,1.0,2,1.0
tagconv,1.0,2,12,553.4833311181039,1.0,0,1.0
tagconv,1.0,2,13,795.8511399598644,0.9375,8,1.0
tagconv,1.0,2,14,352.29045920918577,1.0,0,1.0
tagconv,1.0,2,15,328.0763293784488,1.0,0,1.0
tagconv,1.0,2,16,552.1589697366148,0.9895833333333334,6,1.0
tagconv,1.0,2,17,700.0195373710624,0.9583333333333334,5,1.0
tagconv,1.0,2,18,891.2365923648562,1.0,3,1.0
tagconv,1.0,2,19,440.9039820891131,0.9895833333333334,4,1.0
tagconv,1.0,2,20,413.1698710904311,0.96875,6,1.0
tagconv,1.0,2,21,283.53842985622214,1.0,0,1.0
tagconv,1.0,2,22,221.3641849717307,1.0,0,1.0
tagconv,1.0,2,23,617.2169078242126,0.9583333333333334,8,1.0
tagconv,1.0,2,24,704.0944595228184,1.0,5,1.0
tagconv,1.0,2,25,899.2045255526937,1.0,0,1.0
tagconv,1.0,2,26,501.08445193216585,1.0,3,1.0
tagconv,1.0,2,27,394.0378584775397,0.96875,6,1.0
tagconv,1.0,2,28,344.78204670386043,1.0,0,1.0
tagconv,1.0,2,29,380.7476973056641,1.0,0,1.0
tagconv,1.0,2,30,466.44378336268335,0.9166666666666666,9,1.0
tagconv,1.1,0,0,404.883029755637,1.0,0,1.0
tagconv,1.1,0,1,330.5246061391048,1.0,0,1.0
tagconv,1.1,0,2,566.4976154578624,0.9583333333333334,6,1.0
tagconv,1.1,0,3,650.5536517201319,0.9375,6,1.0
tagconv,1.1,0,4,890.3939724250137,0.90625,10,1.0
tagconv,1.1,0,5,1528.2727246066663,0.7083333333333334,41,1.0
tagconv,1.1,0,6,1369.5119375546317,0.6354166666666666,51,1.0
tagconv,1.1,0,7,785.8401617981085,1.0,0,1.0
tagconv,1.1,0,8,489.2945850111451,1.0,0,1.0
tagconv,1.1,0,9,757.4684633457412,0.9166666666666666,9,1.0
tagconv,1.1,0,10,906.9865337579788,0.875,12,1.0
tagconv,1.1,0,11,999.9924397069678,0.9375,7,1.0
tagconv,1.1,0,12,622.7546060198604,0.96875,7,1.0
tagconv,1.1,0,13,882.4061537836832,0.9166666666666666,10,1.0
tagconv,1.1,0,14,425.0852439489853,1.0,0,1.0
tagconv,1.1,0,15,378.6759944643962,1.0,0,1.0
tagconv,1.1,0,16,630.428880493295,0.8958333333333334,10,1.0
tagconv,1.1,0,17,805.4940533023893,0.9166666666666666,10,1.0
tagconv,1.1,0,18,996.2340115421396,0.8854166666666666,18,1.0
tagconv,1.1,0,19,511.6954428575762,0.9375,6,1.0
tagconv,1.1,0,20,479.5572616917535,0.9375,6,1.0
tagconv,1.1,0,21,340.4759896909255,1.0,0,1.0
tagconv,1.1,0,22,272.14597150964613,1.0,0,1.0
tagconv,1.1,0,23,711.1460952818246,0.9166666666666666,8,1.0
tagconv,1.1,0,24,787.5166084512667,0.8854166666666666,13,1.0
tagconv,1.1,0,25,1001.3339392995598,0.8645833333333334,28,1.0
tagconv,1.1,0,26,576.5265008239044,0.9270833333333334,7,1.0
tagconv,1.1,0,27,458.9267040017629,0.9375,6,1.0
tagconv,1.1,0,28,390.9148738233108,1.0,0,1.0
tagconv,1.1,0,29,424.7549936426549,1.0,0,1.0
tagconv,1.1,0,30,538.8009535319127,0.8958333333333334,19,1.0
tagconv,1.1,1,0,413.0884208159183,1.0,0,1.0
tagconv,1.1,1,1,336.804884808198,1.0,0,1.0
tagconv,1.1,1,2,598.6775406374105,0.9791666666666666,2,1.0
tagconv,1.1,1,3,677.4777492233316,0.9270833333333334,7,1.0
tagconv,1.1,1,4,875.0924329808875,0.8854166666666666,11,1.0
tagconv,1.1,1,5,1535.038217873661,0.6145833333333334,41,1.0
tagconv,1.1,1,6,1368.7387341749038,0.6458333333333334,40,1.0
tagconv,1.1,1,7,783.4952877630033,1.0,0,1.0
tagconv,1.1,1,8,504.6411665388434,1.0,0,1.0
tagconv,1.1,1,9,790.6751968879959,0.90625,11,1.0
tagconv,1.1,1,10,929.016298631859,0.875,12,1.0
tagconv,1.1,1,11,1003.3963652565964,0.9375,6,1.0
tagconv,1.1,1,12,658.4071102273936,0.96875,4,1.0
tagconv,1.1,1,13,889.6837301858722,0.8541666666666666,17,1.0
tagconv,1.1,1,14,427.6984551689416,1.0,0,1.0
tagconv,1.1,1,15,383.7963924518383,1.0,0,1.0
tagconv,1.1,1,16,647.7608772539793,0.9166666666666666,8,1.0
tagconv,1.1,1,17,839.6129334787793,0.8541666666666666,15,1.0
tagconv,1.1,1,18,1000.6313042656084,0.84375,19,1.0
tagconv,1.1,1,19,526.2526950923068,0.9479166666666666,5,1.0
tagconv,1.1,1,20,493.0166016701872,0.9375,6,1.0
tagconv,1.1,1,21,348.0906072479545,1.0,0,1.0
tagconv,1.1,1,22,278.7127594648431,1.0,0,1.0
tagconv,1.1,1,23,710.6627163816145,0.8541666666666666,14,1.0
tagconv,1.1,1,24,789.0394755171156,0.8229166666666666,19,1.0
tagconv,1.1,1,25,1005.843309141392,0.875,17,1.0
tagconv,1.1,1,26,595.9356698175089,0.9583333333333334,4,1.0
tagconv,1.1,1,27,474.3326841123623,0.9270833333333334,7,1.0
tagconv,1.1,1,28,394.2449910998066,1.0,0,1.0
tagconv,1.1,1,29,425.6750193408584,1.0,0,1.0
tagconv,1.1,1,30,551.9318450601944,0.875,15,1.0
tagconv,1.1,2,0,385.0470262028599,1.0,0,1.0
tagconv,1.1,2,1,309.673309387673,1.0,0,1.0
tagconv,1.1,2,2,564.3277961441349,0.9583333333333334,6,1.0
tagconv,1.1,2,3,642.040876586999,0.9375,6,1.0
tagconv,1.1,2,4,893.6053283208352,0.8333333333333334,16,1.0
tagconv,1.1,2,5,1535.927361158179,0.625,37,1.0
tagconv,1.1,2,6,1370.6504293700311,0.6145833333333334,39,1.0
tagconv,1.1,2,7,792.7365007690477,1.0,0,1.0
tagconv,1.1,2,8,467.05041293940064,1.0,0,1.0
tagconv,1.1,2,9,751.6882895507941,0.9166666666666666,13,1.0
tagconv,1.1,2,10,894.1241847047704,0.875,15,1.0
tagconv,1.1,2,11,1011.0233063571636,0.8645833333333334,14,1.0
tagconv,1.1,2,12,622.8801184333009,0.96875,6,1.0
tagconv,1.1,2,13,898.1401799634606,0.8229166666666666,21,1.0
tagconv,1.1,2,14,400.30859168775714,1.0,0,1.0
tagconv,1.1,2,15,375.7029956520247,1.0,0,1.0
tagconv,1.1,2,16,624.3281446803398,0.8958333333333334,11,1.0
tagconv,1.1,2,17,802.459824030131,0.9166666666666666,11,1.0
tagconv,1.1,2,18,1003.9101608336792,0.8229166666666666,17,1.0
tagconv,1.1,2,19,498.8301579666434,0.9270833333333334,8,1.0
tagconv,1.1,2,20,467.4340053603424,0.9166666666666666,9,1.0
tagconv,1.1,2,21,320.87541093462767,1.0,0,1.0
tagconv,1.1,2,22,253.50918586261767,1.0,0,1.0
tagconv,1.1,2,23,713.8975571970922,0.8333333333333334,17,1.0
tagconv,1.1,2,24,799.5428552112564,0.7708333333333334,25,1.0
tagconv,1.1,2,25,1007.8842075663058,0.8541666666666666,17,1.0
tagconv,1.1,2,26,564.9991104087393,0.9270833333333334,8,1.0
tagconv,1.1,2,27,447.8708862695802,0.90625,10,1.0
tagconv,1.1,2,28,394.3935556758442,1.0,0,1.0
tagconv,1.1,2,29,428.9657211611744,1.0,0,1.0
tagconv,1.1,2,30,535.3547203200554,0.8020833333333334,19,1.0
tagconv,1.2,0,0,453.2234821044025,1.0,0,1.0
tagconv,1.2,0,1,370.6544036943032,1.0,0,1.0
tagconv,1.2,0,2,636.7594425548706,0.9166666666666666,9,1.0
tagconv,1.2,0,3,728.066376696154,0.9166666666666666,12,1.0
tagconv,1.2,0,4,996.501339915983,0.8020833333333334,24,1.0
tagconv,1.2,0,5,1691.8335951979936,0.4166666666666667,57,1.0
tagconv,1.2,0,6,1510.3253722465972,0.40625,61,1.0
tagconv,1.2,0,7,883.373856572046,1.0,3,1.0
tagconv,1.2,0,8,549.280553177933,1.0,0,1.0
tagconv,1.2,0,9,848.3435340857478,0.78125,21,1.0
tagconv,1.2,0,10,1014.9588227151396,0.75,24,1.0
tagconv,1.2,0,11,1135.338677705735,0.84375,17,1.0
tagconv,1.2,0,12,698.2607423465371,0.9270833333333334,8,1.0
tagconv,1.2,0,13,986.1820850096408,0.7395833333333334,37,1.0
tagconv,1.2,0,14,468.1764863995642,1.0,5,1.0
tagconv,1.2,0,15,429.5731482307168,1.0,0,1.0
tagconv,1.2,0,16,707.3080186522822,0.8854166666666666,12,1.0
tagconv,1.2,0,17,902.0865118409342,0.7395833333333334,25,1.0
tagconv,1.2,0,18,1110.3505603706303,0.75,34,1.0
tagconv,1.2,0,19,568.4942961230145,0.8958333333333334,15,1.0
tagconv,1.2,0,20,537.3160249205242,0.8645833333333334,20,1.0
tagconv,1.2,0,21,374.8607875681613,1.0,1,1.0
tagconv,1.2,0,22,304.7397117368794,1.0,0,1.0
tagconv,1.2,0,23,805.0559538410641,0.7291666666666666,35,1.0
tagconv,1.2,0,24,891.6160441453202,0.75,33,1.0
tagconv,1.2,0,25,1114.3717257287094,0.59375,46,1.0
tagconv,1.2,0,26,644.7641479331551,0.9166666666666666,8,1.0
tagconv,1.2,0,27,514.4861814352,0.875,19,1.0
tagconv,1.2,0,28,440.9964541774284,1.0,1,1.0
tagconv,1.2,0,29,473.2878383739296,1.0,0,1.0
tagconv,1.2,0,30,614.9873459399766,0.6979166666666666,29,1.0
tagconv,1.2,1,0,459.4890778200959,1.0,0,1.0
tagconv,1.2,1,1,374.2215721355486,1.0,0,1.0
tagconv,1.2,1,2,672.0598078349167,0.9166666666666666,9,1.0
tagconv,1.2,1,3,752.8125576718234,0.8958333333333334,14,1.0
tagconv,1.2,1,4,989.6227210874682,0.7604166666666666,30,1.0
tagconv,1.2,1,5,1690.070768686656,0.375,61,1.0
tagconv,1.2,1,6,1509.9515158809006,0.375,62,1.0
tagconv,1.2,1,7,881.3555331296068,1.0,0,1.0
tagconv,1.2,1,8,567.7093513592032,1.0,0,1.0
tagconv,1.2,1,9,882.8534557818618,0.6875,30,1.0
tagconv,1.2,1,10,1046.5755529901523,0.6666666666666666,32,1.0
tagconv,1.2,1,11,1145.2888673467808,0.8020833333333334,21,1.0
tagconv,1.2,1,12,733.7186817386664,0.9270833333333334,7,1.0
tagconv,1.2,1,13,991.0798677321798,0.65625,42,1.0
tagconv,1.2,1,14,475.98697097616514,1.0,0,1.0
tagconv,1.2,1,15,430.4151418168853,1.0,0,1.0
tagconv,1.2,1,16,734.5927851533149,0.8125,19,1.0
tagconv,1.2,1,17,943.6595080505846,0.6458333333333334,36,1.0
tagconv,1.2,1,18,1114.967807310253,0.6666666666666666,39,1.0
tagconv,1.2,1,19,586.3866259641745,0.8958333333333334,12,1.0
tagconv,1.2,1,20,548.9829244819404,0.875,18,1.0
tagconv,1.2,1,21,387.00965486132594,1.0,0,1.0
tagconv,1.2,1,22,311.12803621529537,1.0,0,1.0
tagconv,1.2,1,23,817.78455839907,0.7395833333333334,28,1.0
tagconv,1.2,1,24,895.5124601134346,0.6458333333333334,40,1.0
tagconv,1.2,1,25,1117.324257161389,0.5729166666666666,45,1.0
tagconv,1.2,1,26,667.5636196658046,0.9166666666666666,8,1.0
tagconv,1.2,1,27,530.0482239575533,0.875,14,1.0
tagconv,1.2,1,28,444.2333814236787,1.0,0,1.0
tagconv,1.2,1,29,474.3293218193722,1.0,0,1.0
tagconv,1.2,1,30,635.9171064395831,0.5833333333333334,40,1.0
tagconv,1.2,2,0,431.3551117623949,1.0,0,1.0
tagconv,1.2,2,1,348.08411435075413,1.0,0,1.0
tagconv,1.2,2,2,636.2309225551132,0.90625,10,1.0
tagconv,1.2,2,3,718.0371308423053,0.9166666666666666,13,1.0
tagconv,1.2,2,4,1003.8340708024404,0.7291666666666666,29,1.0
tagconv,1.2,2,5,1690.717852989795,0.3854166666666667,63,1.0
tagconv,1.2,2,6,1510.439363154799,0.3854166666666667,64,1.0
tagconv,1.2,2,7,889.2920743127596,1.0,0,1.0
tagconv,1.2,2,8,522.9137585931728,1.0,0,1.0
tagconv,1.2,2,9,843.9058705601965,0.7604166666666666,23,1.0
tagconv,1.2,2,10,1006.8334376839136,0.75,24,1.0
tagconv,1.2,2,11,1147.5067083545405,0.75,26,1.0
tagconv,1.2,2,12,699.2832499448795,0.9270833333333334,7,1.0
tagconv,1.2,2,13,1000.4358274448596,0.5833333333333334,45,1.0
tagconv,1.2,2,14,447.9852231148741,1.0,0,1.0
tagconv,1.2,2,15,423.2128006190047,1.0,0,1.0
tagconv,1.2,2,16,716.1906302770504,0.84375,16,1.0
tagconv,1.2,2,17,909.706449937873,0.7291666666666666,26,1.0
tagconv,1.2,2,18,1118.088483987709,0.6354166666666666,38,1.0
tagconv,1.2,2,19,557.7095570587364,0.8854166666666666,12,1.0
tagconv,1.2,2,20,524.5796616869368,0.8854166666666666,12,1.0
tagconv,1.2,2,21,359.8533591534304,1.0,0,1.0
tagconv,1.2,2,22,286.0563926847272,1.0,0,1.0
tagconv,1.2,2,23,812.0894876431959,0.6458333333333334,34,1.0
tagconv,1.2,2,24,903.0514473120944,0.6041666666666666,40,1.0
tagconv,1.2,2,25,1118.8401324197614,0.5729166666666666,42,1.0
tagconv,1.2,2,26,633.8005466146673,0.8958333333333334,10,1.0
tagconv,1.2,2,27,501.9344659147125,0.875,12,1.0
tagconv,1.2,2,28,444.67469661986473,1.0,0,1.0
tagconv,1.2,2,29,477.4778676426958,1.0,0,1.0
tagconv,1.2,2,30,631.7689225030857,0.6145833333333334,37,1.0
tagconv,1.3,0,0,497.76681449412047,1.0,0,1.0
tagconv,1.3,0,1,411.5772656607646,1.0,0,1.0
tagconv,1.3,0,2,710.1206627795879,0.8333333333333334,20,1.0
tagconv,1.3,0,3,817.0478401541304,0.7395833333333334,25,1.0
tagconv,1.3,0,4,1112.0453509267477,0.5416666666666666,47,1.0
tagconv,1.3,0,5,1858.6614976856315,0.2083333333333333,76,1.0
tagconv,1.3,0,6,1651.5543589709564,0.2708333333333333,70,1.0
tagconv,1.3,0,7,979.5830337817634,1.0,8,1.0
tagconv,1.3,0,8,608.6221382673652,1.0,3,1.0
tagconv,1.3,0,9,961.3417060623926,0.7083333333333334,29,1.0
tagconv,1.3,0,10,1160.8759899643412,0.65625,33,1.0
tagconv,1.3,0,11,1274.3877196313858,0.6770833333333334,35,1.0
tagconv,1.3,0,12,776.1348541338365,0.8958333333333334,11,1.0
tagconv,1.3,0,13,1091.961054580802,0.4479166666666667,56,1.0
tagconv,1.3,0,14,511.354616556423,1.0,6,1.0
tagconv,1.3,0,15,478.42158622433686,1.0,0,1.0
tagconv,1.3,0,16,795.9817366606665,0.6666666666666666,33,1.0
tagconv,1.3,0,17,1010.9193146897728,0.5104166666666666,47,1.0
tagconv,1.3,0,18,1223.913951659336,0.46875,57,1.0
tagconv,1.3,0,19,634.5285637138074,0.65625,33,1.0
tagconv,1.3,0,20,605.5878004491497,0.6354166666666666,35,1.0
tagconv,1.3,0,21,412.6780497335666,1.0,3,1.0
tagconv,1.3,0,22,336.8816564623881,1.0,0,1.0
tagconv,1.3,0,23,906.3058961000012,0.5625,50,1.0
tagconv,1.3,0,24,995.4479760258092,0.4583333333333333,57,1.0
tagconv,1.3,0,25,1228.7685400138378,0.4375,63,1.0
tagconv,1.3,0,26,713.7910755455805,0.7604166666666666,25,1.0
tagconv,1.3,0,27,572.5181438301203,0.6979166666666666,29,1.0
tagconv,1.3,0,28,491.3088576407698,1.0,3,1.0
tagconv,1.3,0,29,521.8567586281044,1.0,0,1.0
tagconv,1.3,0,30,721.942870577915,0.4895833333333333,50,1.0
tagconv,1.3,1,0,504.9734356685888,1.0,0,1.0
tagconv,1.3,1,1,413.1528370102757,1.0,0,1.0
tagconv,1.3,1,2,745.5258480841364,0.78125,28,1.0
tagconv,1.3,1,3,842.9102731017158,0.6979166666666666,29,1.0
tagconv,1.3,1,4,1118.589583448755,0.5520833333333334,44,1.0
tagconv,1.3,1,5,1846.6356463087636,0.1145833333333333,85,1.0
tagconv,1.3,1,6,1650.836096254977,0.15625,81,1.0
tagconv,1.3,1,7,980.7878338332218,1.0,0,1.0
tagconv,1.3,1,8,630.0185411277456,1.0,0,1.0
tagconv,1.3,1,9,993.22682718774,0.65625,33,1.0
tagconv,1.3,1,10,1177.1095716140742,0.59375,39,1.0
tagconv,1.3,1,11,1292.2541853471105,0.6354166666666666,37,1.0
tagconv,1.3,1,12,810.1197941533253,0.8854166666666666,13,1.0
tagconv,1.3,1,13,1104.626711111529,0.3541666666666667,63,1.0
tagconv,1.3,1,14,524.2185771667744,1.0,0,1.0
tagconv,1.3,1,15,482.1079922991836,1.0,0,1.0
tagconv,1.3,1,16,823.7811083034833,0.6041666666666666,39,1.0
tagconv,1.3,1,17,1058.4923626561267,0.4791666666666667,50,1.0
tagconv,1.3,1,18,1235.7239522724938,0.3229166666666667,66,1.0
tagconv,1.3,1,19,656.0259744809035,0.6770833333333334,31,1.0
tagconv,1.3,1,20,613.4385392957593,0.7083333333333334,28,1.0
tagconv,1.3,1,21,427.5985539562743,1.0,0,1.0
tagconv,1.3,1,22,344.7599144504968,1.0,0,1.0
tagconv,1.3,1,23,934.8366119393796,0.4583333333333333,54,1.0
tagconv,1.3,1,24,1004.3713048871616,0.4583333333333333,57,1.0
tagconv,1.3,1,25,1227.986046475717,0.3541666666666667,68,1.0
tagconv,1.3,1,26,741.6339705597393,0.6979166666666666,31,1.0
tagconv,1.3,1,27,593.8320339191747,0.7083333333333334,28,1.0
tagconv,1.3,1,28,495.0657874931448,1.0,0,1.0
tagconv,1.3,1,29,523.1773458282427,1.0,0,1.0
tagconv,1.3,1,30,726.5807195980816,0.46875,51,1.0
tagconv,1.3,2,0,477.9029895841232,1.0,0,1.0
tagconv,1.3,2,1,386.5928028883308,1.0,0,1.0
tagconv,1.3,2,2,708.7016622753055,0.8125,19,1.0
tagconv,1.3,2,3,807.5150460123168,0.7395833333333334,25,1.0
tagconv,1.3,2,4,1126.9908294178476,0.4895833333333333,50,1.0
tagconv,1.3,2,5,1847.1688089942784,0.1354166666666666,83,1.0
tagconv,1.3,2,6,1650.9479870620494,0.1875,78,1.0
tagconv,1.3,2,7,987.8287516689062,1.0,2,1.0
tagconv,1.3,2,8,586.6288289008157,1.0,0,1.0
tagconv,1.3,2,9,957.3280835961784,0.6979166666666666,29,1.0
tagconv,1.3,2,10,1152.439179132728,0.625,36,1.0
tagconv,1.3,2,11,1292.7439705036263,0.6145833333333334,42,1.0
tagconv,1.3,2,12,775.5371615704712,0.8958333333333334,14,1.0
tagconv,1.3,2,13,1108.362747196261,0.34375,63,1.0
tagconv,1.3,2,14,495.6773643142049,1.0,1,1.0
tagconv,1.3,2,15,481.0277249285744,1.0,0,1.0
tagconv,1.3,2,16,805.019396253113,0.6458333333333334,34,1.0
tagconv,1.3,2,17,1019.8250045635974,0.5520833333333334,43,1.0
tagconv,1.3,2,18,1239.6945470192557,0.3229166666666667,65,1.0
tagconv,1.3,2,19,623.9273345854999,0.7708333333333334,22,1.0
tagconv,1.3,2,20,589.8705331794763,0.71875,27,1.0
tagconv,1.3,2,21,401.1086001192595,1.0,0,1.0
tagconv,1.3,2,22,317.12971424593337,1.0,0,1.0
tagconv,1.3,2,23,914.328233853646,0.5416666666666666,44,1.0
tagconv,1.3,2,24,1006.9043794866074,0.3958333333333333,59,1.0
tagconv,1.3,2,25,1230.2376421859003,0.3333333333333333,67,1.0
tagconv,1.3,2,26,704.9653078044098,0.8125,19,1.0
tagconv,1.3,2,27,565.3644789983001,0.7604166666666666,23,1.0
tagconv,1.3,2,28,496.1304319353679,1.0,1,1.0
tagconv,1.3,2,29,526.2414643511098,1.0,0,1.0
tagconv,1.3,2,30,724.4465367519789,0.4583333333333333,52,1.0
tagconv,1.4,0,0,539.453350203219,1.0,5,1.0
tagconv,1.4,0,1,450.357249997942,1.0,0,1.0
tagconv,1.4,0,2,798.9246155085588,0.6875,30,1.0
tagconv,1.4,0,3,906.907912989564,0.6354166666666666,35,1.0
tagconv,1.4,0,4,1230.4470131242742,0.375,65,1.0
tagconv,1.4,0,5,2024.7027654859064,0.1145833333333333,85,1.0
tagconv,1.4,0,6,1808.5250377827676,0.1354166666666666,83,1.0
tagconv,1.4,0,7,1077.9581026957287,0.9166666666666666,12,1.0
tagconv,1.4,0,8,665.4919956942829,0.9583333333333334,10,1.0
tagconv,1.4,0,9,1093.4273860718229,0.5729166666666666,41,1.0
tagconv,1.4,0,10,1302.2297753833102,0.5416666666666666,44,1.0
tagconv,1.4,0,11,1419.7483322191226,0.53125,50,1.0
tagconv,1.4,0,12,863.6660227756607,0.78125,22,1.0
tagconv,1.4,0,13,1209.6666952862436,0.2395833333333333,74,1.0
tagconv,1.4,0,14,555.7475342534975,0.9375,9,1.0
tagconv,1.4,0,15,526.9563181116464,1.0,6,1.0
tagconv,1.4,0,16,885.2398993064651,0.6145833333333334,37,1.0
tagconv,1.4,0,17,1140.7615078260917,0.3958333333333333,59,1.0
tagconv,1.4,0,18,1344.5317091015438,0.25,79,1.0
tagconv,1.4,0,19,719.2677808697823,0.5625,42,1.0
tagconv,1.4,0,20,680.3816836360082,0.5416666666666666,44,1.0
tagconv,1.4,0,21,452.3376147911659,0.9583333333333334,6,1.0
tagconv,1.4,0,22,365.9696444301976,1.0,0,1.0
tagconv,1.4,0,23,1005.835193340711,0.3229166666666667,69,1.0
tagconv,1.4,0,24,1110.0641605912083,0.25,74,1.0
tagconv,1.4,0,25,1329.205576556493,0.1770833333333333,79,1.0
tagconv,1.4,0,26,806.5805600124263,0.625,36,1.0
tagconv,1.4,0,27,655.7167373298392,0.5416666666666666,44,1.0
tagconv,1.4,0,28,543.2160469098745,0.9583333333333334,6,1.0
tagconv,1.4,0,29,570.853267378528,0.96875,7,1.0
tagconv,1.4,0,30,805.8035745350874,0.3229166666666667,65,1.0
tagconv,1.4,1,0,552.6664105954579,1.0,0,1.0
tagconv,1.4,1,1,451.2975234186497,1.0,0,1.0
tagconv,1.4,1,2,833.063617061906,0.5833333333333334,40,1.0
tagconv,1.4,1,3,939.4726060577514,0.6354166666666666,35,1.0
tagconv,1.4,1,4,1263.928812118004,0.4166666666666667,57,1.0
tagconv,1.4,1,5,2004.8480488078208,0.1041666666666666,86,1.0
tagconv,1.4,1,6,1793.1632724201324,0.1041666666666666,86,1.0
tagconv,1.4,1,7,1080.4037768454025,0.9270833333333334,10,1.0
tagconv,1.4,1,8,694.4578613612802,0.9583333333333334,4,1.0
tagconv,1.4,1,9,1098.27472621906,0.625,36,1.0
tagconv,1.4,1,10,1312.6808695241352,0.53125,46,1.0
tagconv,1.4,1,11,1444.4978520479208,0.4479166666666667,54,1.0
tagconv,1.4,1,12,898.0074440496662,0.6666666666666666,32,1.0
tagconv,1.4,1,13,1228.8605685718508,0.2291666666666666,75,1.0
tagconv,1.4,1,14,572.9783252926219,0.9583333333333334,5,1.0
tagconv,1.4,1,15,535.9151898906828,1.0,0,1.0
tagconv,1.4,1,16,929.5918429036502,0.4583333333333333,53,1.0
tagconv,1.4,1,17,1167.045596819548,0.4375,54,1.0
tagconv,1.4,1,18,1359.671650833062,0.21875,79,1.0
tagconv,1.4,1,19,728.2417596335256,0.6354166666666666,35,1.0
tagconv,1.4,1,20,681.8152069763686,0.6458333333333334,34,1.0
tagconv,1.4,1,21,468.3050916721282,1.0,0,1.0
tagconv,1.4,1,22,376.859138916278,1.0,0,1.0
tagconv,1.4,1,23,1032.5877439956953,0.3229166666666667,69,1.0
tagconv,1.4,1,24,1119.380535168352,0.2604166666666667,72,1.0
tagconv,1.4,1,25,1348.3471786055695,0.1458333333333333,82,1.0
tagconv,1.4,1,26,826.5186583944346,0.6458333333333334,34,1.0
tagconv,1.4,1,27,661.310585777626,0.6458333333333334,34,1.0
tagconv,1.4,1,28,546.6566614350534,1.0,1,1.0
tagconv,1.4,1,29,572.2292869799676,0.96875,3,1.0
tagconv,1.4,1,30,802.5513889453852,0.4270833333333333,56,1.0
tagconv,1.4,2,0,527.2026362195302,1.0,0,1.0
tagconv,1.4,2,1,426.14925386027153,1.0,0,1.0
tagconv,1.4,2,2,798.7932168002008,0.7291666666666666,26,1.0
tagconv,1.4,2,3,897.0612167379286,0.6770833333333334,31,1.0
tagconv,1.4,2,4,1242.833003847324,0.4270833333333333,55,1.0
tagconv,1.4,2,5,2007.0519251994133,0.1145833333333333,85,1.0
tagconv,1.4,2,6,1792.595278745168,0.1145833333333333,85,1.0
tagconv,1.4,2,7,1086.839729050106,0.8541666666666666,20,1.0
tagconv,1.4,2,8,650.0670352126102,0.9583333333333334,6,1.0
tagconv,1.4,2,9,1069.9063752326203,0.625,36,1.0
tagconv,1.4,2,10,1298.549068682438,0.5416666666666666,44,1.0
tagconv,1.4,2,11,1447.257994346248,0.40625,57,1.0
tagconv,1.4,2,12,862.5091406497437,0.7604166666666666,24,1.0
tagconv,1.4,2,13,1220.5374941587322,0.2291666666666666,74,1.0
tagconv,1.4,2,14,544.7293733020571,0.9166666666666666,12,1.0
tagconv,1.4,2,15,535.3681276349062,1.0,0,1.0
tagconv,1.4,2,16,891.5300649852711,0.5729166666666666,41,1.0
tagconv,1.4,2,17,1134.5630292164965,0.4479166666666667,53,1.0
tagconv,1.4,2,18,1354.8206796851225,0.2395833333333333,74,1.0
tagconv,1.4,2,19,698.1875356649415,0.6666666666666666,32,1.0
tagconv,1.4,2,20,663.0863236296796,0.6458333333333334,34,1.0
tagconv,1.4,2,21,441.8342032091468,0.9583333333333334,8,1.0
tagconv,1.4,2,22,350.1822260183436,1.0,0,1.0
tagconv,1.4,2,23,1015.8161761877031,0.34375,65,1.0
tagconv,1.4,2,24,1106.4506649250743,0.28125,69,1.0
tagconv,1.4,2,25,1341.1042306152665,0.1666666666666666,82,1.0
tagconv,1.4,2,26,791.3704546862767,0.6979166666666666,29,1.0
tagconv,1.4,2,27,633.7724996925942,0.65625,33,1.0
tagconv,1.4,2,28,548.0510662140584,0.9583333333333334,8,1.0
tagconv,1.4,2,29,575.1635654776098,0.96875,3,1.0
tagconv,1.4,2,30,792.9647286460216,0.4166666666666667,56,1.0
