topology_case,controller,episode_id,step,date_time,start_index,scenario_time_index,reward_mean,reward_sum,grid_import_kw,grid_import_mwh,energy_cost,curtailment_kw,curtailment_mwh,voltage_deviation,grid_stress,min_voltage_pu,max_voltage_pu,max_line_current_pu,max_voltage_violation,max_line_current_violation,feasible,converged,infeasible_action,throughput_mwh,solver_status,objective_value,solve_time_sec,smpc_network_feasible,smpc_network_corrected,smpc_correction_attempts,smpc_check_topology_case,smpc_check_worst_min_voltage_pu,smpc_check_worst_max_voltage_pu,smpc_check_worst_line_current_pu,smpc_check_max_voltage_violation,smpc_check_max_line_current_violation,requested_action_agent_0,accepted_action_agent_0,dess_power_kw_agent_0,soc_agent_0,beta_ch_kw_agent_0,beta_dis_kw_agent_0,requested_action_agent_1,accepted_action_agent_1,dess_power_kw_agent_1,soc_agent_1,beta_ch_kw_agent_1,beta_dis_kw_agent_1,requested_action_agent_2,accepted_action_agent_2,dess_power_kw_agent_2,soc_agent_2,beta_ch_kw_agent_2,beta_dis_kw_agent_2,requested_action_agent_3,accepted_action_agent_3,dess_power_kw_agent_3,soc_agent_3,beta_ch_kw_agent_3,beta_dis_kw_agent_3,requested_action_agent_4,accepted_action_agent_4,dess_power_kw_agent_4,soc_agent_4,beta_ch_kw_agent_4,beta_dis_kw_agent_4,requested_horizon,available_horizon,n_scenarios,controller_decision_time_s,controller_decision_time_ms,solver_time_s,solver_time_ms,non_solver_overhead_time_ms,control_interval_s,time_fraction_of_control_interval
TP1,mpc,0,0,2018-12-01 00:00:00+00:00,32064,0,-6.753451824188232,-33.76725912094116,485.85229006948794,0.12146307251737198,4.927756852029781,0.0,0.0,0.30707865953445435,0.0,0.9811621904373169,1.0,0.729897677898407,0.0,0.0,True,True,False,0.09375,optimal,143.3561534017354,1.190354347229004,True,False,0,TP1,0.9816359877586365,1.0,0.5530158281326294,0.0,0.0,1.0,1.0,75.0,0.4605263157894737,0.0,75.0,1.0,1.0,75.0,0.4605263157894737,0.0,75.0,1.0,1.0,75.0,0.4605263157894737,0.0,75.0,1.0,1.0,75.0,0.4605263157894737,0.0,75.0,1.0,1.0,75.0,0.4605263157894737,0.0,75.0,24,24,1,61.511340059,61511.340059,1.190354347229004,1190.354347229004,60320.985711771,900.0,0.06834593339888889
TP1,mpc,0,1,2018-12-01 00:15:00+00:00,32064,1,-6.7023420333862305,-33.51171016693115,478.43862432455353,0.11960965608113838,4.852563747211784,0.0,0.0,0.3027324676513672,0.0,0.9814043641090393,1.0,0.7211126685142517,0.0,0.0,True,True,False,0.09375,optimal,145.2671286770693,0.016028881072998047,True,False,0,TP1,0.9820334315299988,1.0,0.5386717915534973,0.0,0.0,1.0,1.0,75.0,0.42105263157894735,0.0,75.0,1.0,1.0,75.0,0.42105263157894735,0.0,75.0,1.0,1.0,75.0,0.42105263157894735,0.0,75.0,1.0,1.0,75.0,0.42105263157894735,0.0,75.0,1.0,1.0,75.0,0.42105263157894735,0.0,75.0,24,24,1,0.035823305,35.823305,0.016028881072998047,16.028881072998047,19.794423927001954,900.0,3.980367222222222e-05
TP1,mpc,0,2,2018-12-01 00:30:00+00:00,32064,2,-6.582049369812012,-32.91024684906006,469.74364237371447,0.11743591059342862,4.764374892775399,0.0,0.0,0.29838836193084717,0.0,0.981667697429657,1.0,0.7109360694885254,0.0,0.0,True,True,False,0.09375,optimal,147.3142658185395,0.024957656860351562,True,False,0,TP1,0.9822913408279419,1.0,0.5302572846412659,0.0,0.0,1.0,1.0,75.0,0.381578947368421,0.0,75.0,1.0,1.0,75.0,0.381578947368421,0.0,75.0,1.0,1.0,75.0,0.381578947368421,0.0,75.0,1.0,1.0,75.0,0.381578947368421,0.0,75.0,1.0,1.0,75.0,0.381578947368421,0.0,75.0,24,24,1,0.040908425,40.908425,0.024957656860351562,24.957656860351562,15.950768139648435,900.0,4.5453805555555556e-05
TP1,mpc,0,3,2018-12-01 00:45:00+00:00,32064,3,-6.504347801208496,-32.52173900604248,464.1687796556653,0.11604219491391632,4.707831847657585,0.0,0.0,0.29516124725341797,0.0,0.9818786978721619,1.0,0.7043099999427795,0.0,0.0,True,True,False,0.09375,optimal,149.41454583091314,0.019681692123413086,True,False,0,TP1,0.9825347065925598,1.0,0.5219167470932007,0.0,0.0,1.0,1.0,75.0,0.3421052631578947,0.0,75.0,1.0,1.0,75.0,0.3421052631578947,0.0,75.0,1.0,1.0,75.0,0.3421052631578947,0.0,75.0,1.0,1.0,75.0,0.3421052631578947,0.0,75.0,1.0,1.0,75.0,0.3421052631578947,0.0,75.0,24,24,1,0.036793845,36.793845,0.019681692123413086,19.681692123413086,17.11215287658691,900.0,4.0882049999999996e-05
TP1,mpc,0,4,2018-12-01 01:00:00+00:00,32064,4,-5.983004093170166,-29.91502046585083,458.86961641099333,0.11471740410274833,4.309932872140255,0.0,0.0,0.2920266389846802,0.0,0.9820757508277893,1.0,0.6979515552520752,0.0,0.0,True,True,False,0.09375,optimal,151.64631691837448,0.019872188568115234,True,False,0,TP1,0.9827445149421692,1.0,0.5161705613136292,0.0,0.0,1.0,1.0,75.0,0.30263157894736836,0.0,75.0,1.0,1.0,75.0,0.30263157894736836,0.0,75.0,1.0,1.0,75.0,0.30263157894736836,0.0,75.0,1.0,1.0,75.0,0.30263157894736836,0.0,75.0,1.0,1.0,75.0,0.30263157894736836,0.0,75.0,24,24,1,0.035651935,35.651935,0.019872188568115234,19.872188568115234,15.779746431884769,900.0,3.9613261111111115e-05
TP1,mpc,0,5,2018-12-01 01:15:00+00:00,32064,5,-5.858867645263672,-29.29433822631836,449.23710102239056,0.11230927525559764,4.2194594713528035,0.0,0.0,0.28701019287109375,0.0,0.9823959469795227,1.0,0.6867847442626953,0.0,0.0,True,True,False,0.09375,optimal,154.80926709302898,0.013830423355102539,True,False,0,TP1,0.983037531375885,1.0,0.5075186491012573,0.0,0.0,1.0,1.0,75.0,0.26315789473684204,0.0,75.0,1.0,1.0,75.0,0.26315789473684204,0.0,75.0,1.0,1.0,75.0,0.26315789473684204,0.0,75.0,1.0,1.0,75.0,0.26315789473684204,0.0,75.0,1.0,1.0,75.0,0.26315789473684204,0.0,75.0,24,24,1,0.029910074,29.910073999999998,0.013830423355102539,13.830423355102539,16.07965064489746,900.0,3.3233415555555554e-05
TP1,mpc,0,6,2018-12-01 01:30:00+00:00,32064,6,-5.772708415985107,-28.863542079925537,442.595005600424,0.110648751400106,4.157073590101982,0.0,0.0,0.28311973810195923,0.0,0.9826544523239136,1.0,0.6789807677268982,0.0,0.0,True,True,False,0.09375,optimal,158.06325811848873,0.017138957977294922,True,False,0,TP1,0.9833053350448608,1.0,0.49944910407066345,0.0,0.0,1.0,1.0,75.0,0.2236842105263157,0.0,75.0,1.0,1.0,75.0,0.2236842105263157,0.0,75.0,1.0,1.0,75.0,0.2236842105263157,0.0,75.0,1.0,1.0,75.0,0.2236842105263157,0.0,75.0,1.0,1.0,75.0,0.2236842105263157,0.0,75.0,24,24,1,0.032361496,32.361495999999995,0.017138957977294922,17.138957977294922,15.222538022705075,900.0,3.5957217777777773e-05
TP1,mpc,0,7,2018-12-01 01:45:00+00:00,32064,7,-5.690707683563232,-28.453538417816162,436.2757989626971,0.10906894974067427,4.097720441757132,0.0,0.0,0.27939558029174805,0.0,0.9829005002975464,1.0,0.6715377569198608,0.0,0.0,True,True,False,0.09375,optimal,159.64422480021983,0.01627206802368164,True,False,0,TP1,0.9835852384567261,1.0,0.49168989062309265,0.0,0.0,1.0,1.0,75.0,0.18421052631578938,0.0,75.0,1.0,1.0,75.0,0.18421052631578938,0.0,75.0,1.0,1.0,75.0,0.18421052631578938,0.0,75.0,1.0,1.0,75.0,0.18421052631578938,0.0,75.0,1.0,1.0,75.0,0.18421052631578938,0.0,75.0,24,24,1,0.033586907,33.586907,0.01627206802368164,16.27206802368164,17.31483897631836,900.0,3.731878555555555e-05
TP1,mpc,0,8,2018-12-01 02:00:00+00:00,32064,8,-10.050317764282227,-50.25158882141113,810.144648144842,0.2025361620362105,7.250794600896335,0.0,0.0,0.4401053190231323,0.0,0.9736450910568237,1.0,0.9572001099586487,0.0,0.0,True,True,False,0.0,optimal,158.49955432972695,0.02367377281188965,True,False,0,TP1,0.9743064641952515,1.0,0.8396751880645752,0.0,0.0,0.0,0.0,0.0,0.18421052631578938,0.0,0.0,0.0,0.0,0.0,0.18421052631578938,0.0,0.0,0.0,0.0,0.0,0.18421052631578938,0.0,0.0,0.0,0.0,0.0,0.18421052631578938,0.0,0.0,0.0,0.0,0.0,0.18421052631578938,0.0,0.0,24,24,1,0.03946273,39.46273,0.02367377281188965,23.67377281188965,15.788957188110352,900.0,4.384747777777778e-05
TP1,mpc,0,9,2018-12-01 02:15:00+00:00,32064,9,-9.922880172729492,-49.61440086364746,804.066726736437,0.20101668168410924,7.19639720429111,0.0,0.0,0.4365878105163574,0.0,0.9738766551017761,1.0,0.949785590171814,0.0,0.0,True,True,False,0.0,optimal,151.31315785225388,0.016153335571289062,True,False,0,TP1,0.9745481014251709,1.0,0.8321898579597473,0.0,0.0,0.0,0.0,0.0,0.18421052631578938,0.0,0.0,0.0,0.0,0.0,0.18421052631578938,0.0,0.0,0.0,0.0,0.0,0.18421052631578938,0.0,0.0,0.0,0.0,0.0,0.18421052631578938,0.0,0.0,0.0,0.0,0.0,0.18421052631578938,0.0,0.0,24,24,1,0.031658633,31.658633,0.016153335571289062,16.153335571289062,15.505297428710936,900.0,3.5176258888888886e-05
TP1,mpc,0,10,2018-12-01 02:30:00+00:00,32064,10,-9.857898712158203,-49.289493560791016,798.8226309425954,0.19970565773564886,7.1494625469362285,0.0,0.0,0.43353646993637085,0.0,0.9740684628486633,1.0,0.9433473348617554,0.0,0.0,True,True,False,0.0,optimal,144.23945655036584,0.01521158218383789,True,False,0,TP1,0.974833071231842,1.0,0.8244946599006653,0.0,0.0,0.0,0.0,0.0,0.18421052631578938,0.0,0.0,0.0,0.0,0.0,0.18421052631578938,0.0,0.0,0.0,0.0,0.0,0.18421052631578938,0.0,0.0,0.0,0.0,0.0,0.18421052631578938,0.0,0.0,0.0,0.0,0.0,0.18421052631578938,0.0,0.0,24,24,1,0.031077267,31.077267,0.01521158218383789,15.21158218383789,15.865684816162108,900.0,3.4530296666666666e-05
TP1,mpc,0,11,2018-12-01 02:45:00+00:00,32064,11,-9.755688667297363,-48.778443336486816,790.5505771602748,0.1976376442900687,7.075427665584459,0.0,0.0,0.42894792556762695,0.0,0.9743740558624268,1.0,0.9333374500274658,0.0,0.0,True,True,False,0.0,optimal,152.7686113759953,0.02012467384338379,True,False,0,TP1,0.9750691652297974,1.0,0.8171389102935791,0.0,0.0,0.0,0.0,0.0,0.18421052631578938,0.0,0.0,0.0,0.0,0.0,0.18421052631578938,0.0,0.0,0.0,0.0,0.0,0.18421052631578938,0.0,0.0,0.0,0.0,0.0,0.18421052631578938,0.0,0.0,0.0,0.0,0.0,0.18421052631578938,0.0,0.0,24,24,1,0.035314337,35.314337,0.02012467384338379,20.12467384338379,15.189663156616213,900.0,3.9238152222222226e-05
TP1,mpc,0,12,2018-12-01 03:00:00+00:00,32064,12,-9.961273193359375,-49.806365966796875,792.443342364777,0.19811083559119425,7.2330266074345015,0.0,0.0,0.42949092388153076,0.0,0.9743528962135315,1.0,0.9355645179748535,0.0,0.0,True,True,False,0.0,optimal,188.84234452272008,0.018396854400634766,True,False,0,TP1,0.9750365614891052,1.0,0.8195351362228394,0.0,0.0,0.0,0.0,0.0,0.18421052631578938,0.0,0.0,0.0,0.0,0.0,0.18421052631578938,0.0,0.0,0.0,0.0,0.0,0.18421052631578938,0.0,0.0,0.0,0.0,0.0,0.18421052631578938,0.0,0.0,0.0,0.0,0.0,0.18421052631578938,0.0,0.0,24,24,1,0.033874317,33.874317,0.018396854400634766,18.396854400634766,15.477462599365236,900.0,3.7638130000000003e-05
TP1,mpc,0,13,2018-12-01 03:15:00+00:00,32064,13,-9.970138549804688,-49.85069274902344,793.1799546847742,0.19829498867119355,7.239750036385276,0.0,0.0,0.42958706617355347,0.0,0.974343478679657,1.0,0.9364314675331116,0.0,0.0,True,True,False,0.0,optimal,259.32649251976324,0.02087092399597168,True,False,0,TP1,0.9750447869300842,1.0,0.8202225565910339,0.0,0.0,0.0,0.0,0.0,0.18421052631578938,0.0,0.0,0.0,0.0,0.0,0.18421052631578938,0.0,0.0,0.0,0.0,0.0,0.18421052631578938,0.0,0.0,0.0,0.0,0.0,0.18421052631578938,0.0,0.0,0.0,0.0,0.0,0.18421052631578938,0.0,0.0,24,24,1,0.036088198,36.088198,0.02087092399597168,20.87092399597168,15.217274004028322,900.0,4.009799777777778e-05
TP1,mpc,0,14,2018-12-01 03:30:00+00:00,32064,14,-9.966327667236328,-49.83163833618164,792.8448429920536,0.1982112107480134,7.236691304409969,0.0,0.0,0.4297148585319519,0.0,0.9743313193321228,1.0,0.9360379576683044,0.0,0.0,True,True,False,0.0,optimal,359.19304701533486,0.019162654876708984,True,False,0,TP1,0.9750208258628845,1.0,0.821071982383728,0.0,0.0,0.0,0.0,0.0,0.18421052631578938,0.0,0.0,0.0,0.0,0.0,0.18421052631578938,0.0,0.0,0.0,0.0,0.0,0.18421052631578938,0.0,0.0,0.0,0.0,0.0,0.18421052631578938,0.0,0.0,0.0,0.0,0.0,0.18421052631578938,0.0,0.0,24,24,1,0.034722001,34.722001000000006,0.019162654876708984,19.162654876708984,15.559346123291018,900.0,3.8580001111111115e-05
TP1,mpc,0,15,2018-12-01 03:45:00+00:00,32064,15,-10.002642631530762,-50.01321315765381,795.7560385157194,0.19893900962892985,7.263263241552228,0.0,0.0,0.431077241897583,0.0,0.9742586612701416,1.0,0.9394646286964417,0.0,0.0,True,True,False,0.0,optimal,483.8694738967274,0.03630399703979492,True,False,0,TP1,0.9750031232833862,1.0,0.8218165040016174,0.0,0.0,0.0,0.0,0.0,0.18421052631578938,0.0,0.0,0.0,0.0,0.0,0.18421052631578938,0.0,0.0,0.0,0.0,0.0,0.18421052631578938,0.0,0.0,0.0,0.0,0.0,0.18421052631578938,0.0,0.0,0.0,0.0,0.0,0.18421052631578938,0.0,0.0,24,24,1,0.051550911,51.550911,0.03630399703979492,36.30399703979492,15.246913960205076,900.0,5.727879e-05
TP1,mpc,0,16,2018-12-01 04:00:00+00:00,32064,16,-10.0770902633667,-50.385451316833496,797.9921398361967,0.19949803495904916,7.319582902647514,0.0,0.0,0.4320249557495117,0.0,0.9742144346237183,1.0,0.9420958161354065,0.0,0.0,True,True,False,0.0,optimal,631.6167322064177,0.020129919052124023,True,False,0,TP1,0.9748852849006653,1.0,0.8255689144134521,0.0,0.0,0.0,0.0,0.0,0.18421052631578938,0.0,0.0,0.0,0.0,0.0,0.18421052631578938,0.0,0.0,0.0,0.0,0.0,0.18421052631578938,0.0,0.0,0.0,0.0,0.0,0.18421052631578938,0.0,0.0,0.0,0.0,0.0,0.18421052631578938,0.0,0.0,24,24,1,0.035676134,35.676134,0.020129919052124023,20.129919052124023,15.546214947875974,900.0,3.964014888888889e-05
TP1,mpc,0,17,2018-12-01 04:15:00+00:00,32064,17,-10.064329147338867,-50.321645736694336,796.9305327480924,0.1992326331870231,7.309845311631878,0.0,0.0,0.43194615840911865,0.0,0.9742046594619751,1.0,0.9408476948738098,0.0,0.0,True,True,False,0.0,optimal,805.0472978654193,0.016720056533813477,True,False,0,TP1,0.9748777151107788,1.0,0.8255215883255005,0.0,0.0,0.0,0.0,0.0,0.18421052631578938,0.0,0.0,0.0,0.0,0.0,0.18421052631578938,0.0,0.0,0.0,0.0,0.0,0.18421052631578938,0.0,0.0,0.0,0.0,0.0,0.18421052631578938,0.0,0.0,0.0,0.0,0.0,0.18421052631578938,0.0,0.0,24,24,1,0.032042663,32.042663,0.016720056533813477,16.720056533813477,15.322606466186523,900.0,3.560295888888889e-05
TP1,mpc,0,18,2018-12-01 04:30:00+00:00,32064,18,-10.09279727935791,-50.46398639678955,799.2026970559891,0.19980067426399728,7.33068673874606,0.0,0.0,0.4330037236213684,0.0,0.9741430878639221,1.0,0.9435225129127502,0.0,0.0,True,True,False,0.0,optimal,999.6431540163525,0.020032882690429688,True,False,0,TP1,0.9748072624206543,1.0,0.8272200226783752,0.0,0.0,0.0,0.0,0.0,0.18421052631578938,0.0,0.0,0.0,0.0,0.0,0.18421052631578938,0.0,0.0,0.0,0.0,0.0,0.18421052631578938,0.0,0.0,0.0,0.0,0.0,0.18421052631578938,0.0,0.0,0.0,0.0,0.0,0.18421052631578938,0.0,0.0,24,24,1,0.035314719,35.314719000000004,0.020032882690429688,20.032882690429688,15.281836309570314,900.0,3.923857666666667e-05
TP1,mpc,0,19,2018-12-01 04:45:00+00:00,32064,19,-10.132184982299805,-50.66092491149902,802.3634611270154,0.20059086528175385,7.359678847187548,0.0,0.0,0.4343096613883972,0.0,0.9740765690803528,1.0,0.9472410082817078,0.0,0.0,True,True,False,0.0,optimal,1211.608186308155,0.01541590690612793,True,False,0,TP1,0.9747854471206665,1.0,0.8301987051963806,0.0,0.0,0.0,0.0,0.0,0.18421052631578938,0.0,0.0,0.0,0.0,0.0,0.18421052631578938,0.0,0.0,0.0,0.0,0.0,0.18421052631578938,0.0,0.0,0.0,0.0,0.0,0.18421052631578938,0.0,0.0,0.0,0.0,0.0,0.18421052631578938,0.0,0.0,24,24,1,0.031193317,31.193317,0.01541590690612793,15.41590690612793,15.777410093872072,900.0,3.465924111111111e-05
TP1,mpc,0,20,2018-12-01 05:00:00+00:00,32064,20,-9.489660263061523,-47.44830131530762,802.4224810906162,0.20060562027265405,6.864724325730221,0.0,0.0,0.43501412868499756,0.0,0.9740021824836731,1.0,0.9473137259483337,0.0,0.0,True,True,False,0.0,optimal,1438.7135990514444,0.017655372619628906,True,False,0,TP1,0.9746337532997131,1.0,0.8326839208602905,0.0,0.0,0.0,0.0,0.0,0.18421052631578938,0.0,0.0,0.0,0.0,0.0,0.18421052631578938,0.0,0.0,0.0,0.0,0.0,0.18421052631578938,0.0,0.0,0.0,0.0,0.0,0.18421052631578938,0.0,0.0,0.0,0.0,0.0,0.18421052631578938,0.0,0.0,24,24,1,0.035022299,35.022299,0.017655372619628906,17.655372619628906,17.366926380371094,900.0,3.891366555555556e-05
TP1,mpc,0,21,2018-12-01 05:15:00+00:00,32064,21,-9.5304536819458,-47.652268409729004,805.8645918285947,0.20146614795714868,6.894171583093628,0.0,0.0,0.4369467496871948,0.0,0.9738497734069824,1.0,0.9513694047927856,0.0,0.0,True,True,False,0.0,optimal,1681.5148634988032,0.022708415985107422,True,False,0,TP1,0.9745451211929321,1.0,0.8341624736785889,0.0,0.0,0.0,0.0,0.0,0.18421052631578938,0.0,0.0,0.0,0.0,0.0,0.18421052631578938,0.0,0.0,0.0,0.0,0.0,0.18421052631578938,0.0,0.0,0.0,0.0,0.0,0.18421052631578938,0.0,0.0,0.0,0.0,0.0,0.18421052631578938,0.0,0.0,24,24,1,0.039475777,39.475776999999994,0.022708415985107422,22.708415985107422,16.767361014892575,900.0,4.386197444444444e-05
TP1,mpc,0,22,2018-12-01 05:30:00+00:00,32064,22,-9.629430770874023,-48.14715385437012,814.2224442108272,0.2035556110527068,6.965673010223627,0.0,0.0,0.4415815472602844,0.0,0.9735575318336487,1.0,0.9612091779708862,0.0,0.0,True,True,False,0.0,optimal,1936.214420961237,0.02348923683166504,True,False,0,TP1,0.9742689728736877,1.0,0.8412917256355286,0.0,0.0,0.0,0.0,0.0,0.18421052631578938,0.0,0.0,0.0,0.0,0.0,0.18421052631578938,0.0,0.0,0.0,0.0,0.0,0.18421052631578938,0.0,0.0,0.0,0.0,0.0,0.18421052631578938,0.0,0.0,0.0,0.0,0.0,0.18421052631578938,0.0,0.0,24,24,1,0.039298006,39.298006,0.02348923683166504,23.48923683166504,15.808769168334964,900.0,4.366445111111111e-05
TP1,mpc,0,23,2018-12-01 05:45:00+00:00,32064,23,-9.633909225463867,-48.169546127319336,814.4995521347482,0.20362488803368706,6.968043668512771,0.0,0.0,0.4426559805870056,0.0,0.9734213948249817,1.0,0.9616500735282898,0.0,0.0,True,True,False,0.0,optimal,2200.0164834832603,0.027315378189086914,True,False,0,TP1,0.9740197062492371,1.0,0.8429437279701233,0.0,0.0,0.0,0.0,0.0,0.18421052631578938,0.0,0.0,0.0,0.0,0.0,0.18421052631578938,0.0,0.0,0.0,0.0,0.0,0.18421052631578938,0.0,0.0,0.0,0.0,0.0,0.18421052631578938,0.0,0.0,0.0,0.0,0.0,0.18421052631578938,0.0,0.0,24,24,1,0.043617783,43.617783,0.027315378189086914,27.315378189086914,16.302404810913085,900.0,4.8464203333333334e-05
TP1,mpc,0,24,2018-12-01 06:00:00+00:00,32064,24,-9.93078899383545,-49.653944969177246,825.4922608550714,0.20637306521376786,7.187973861395534,0.0,0.0,0.4510948657989502,0.0,0.9727765321731567,1.0,0.9744959473609924,0.0,0.0,True,True,False,0.0,optimal,2468.724667691232,0.01534128189086914,True,False,0,TP1,0.9736413955688477,1.0,0.8526981472969055,0.0,0.0,0.0,0.0,0.0,0.18421052631578938,0.0,0.0,0.0,0.0,0.0,0.18421052631578938,0.0,0.0,0.0,0.0,0.0,0.18421052631578938,0.0,0.0,0.0,0.0,0.0,0.18421052631578938,0.0,0.0,0.0,0.0,0.0,0.18421052631578938,0.0,0.0,24,24,1,0.031480723,31.480723,0.01534128189086914,15.34128189086914,16.13944110913086,900.0,3.497858111111111e-05
TP1,mpc,0,25,2018-12-01 06:15:00+00:00,32064,25,-9.848928451538086,-49.24464225769043,818.9096353028162,0.20472740882570406,7.130655649399272,0.0,0.0,0.4454430937767029,0.0,0.9731849431991577,1.0,0.9667372107505798,0.0,0.0,True,True,False,0.0,optimal,2741.3139496688154,0.021485090255737305,True,False,0,TP1,0.9734426140785217,1.0,0.8516355156898499,0.0,0.0,0.0,0.0,0.0,0.18421052631578938,0.0,0.0,0.0,0.0,0.0,0.18421052631578938,0.0,0.0,0.0,0.0,0.0,0.18421052631578938,0.0,0.0,0.0,0.0,0.0,0.18421052631578938,0.0,0.0,0.0,0.0,0.0,0.18421052631578938,0.0,0.0,24,24,1,0.040292941,40.292941,0.021485090255737305,21.485090255737305,18.807850744262694,900.0,4.476993444444444e-05
TP1,mpc,0,26,2018-12-01 06:30:00+00:00,32064,26,-9.783049583435059,-48.91524791717529,813.5525506675094,0.20338813766687736,7.084008834937338,0.0,0.0,0.44141387939453125,0.0,0.9734800457954407,1.0,0.9604254364967346,0.0,0.0,True,True,False,0.0,optimal,3014.227026631076,0.019494295120239258,True,False,0,TP1,0.9738954305648804,1.0,0.846608579158783,0.0,0.0,0.0,0.0,0.0,0.18421052631578938,0.0,0.0,0.0,0.0,0.0,0.18421052631578938,0.0,0.0,0.0,0.0,0.0,0.18421052631578938,0.0,0.0,0.0,0.0,0.0,0.18421052631578938,0.0,0.0,0.0,0.0,0.0,0.18421052631578938,0.0,0.0,24,24,1,0.035693727,35.693727,0.019494295120239258,19.494295120239258,16.199431879760745,900.0,3.965969666666667e-05
TP1,mpc,0,27,2018-12-01 06:45:00+00:00,32064,27,-9.934418678283691,-49.67209339141846,826.0688117038626,0.20651720292596565,7.192994177911383,0.0,0.0,0.44886666536331177,0.0,0.9729617834091187,1.0,0.9751646518707275,0.0,0.0,True,True,False,0.0,optimal,3285.3167895597962,0.022065401077270508,True,False,0,TP1,0.9737070798873901,1.0,0.8518456220626831,0.0,0.0,0.0,0.0,0.0,0.18421052631578938,0.0,0.0,0.0,0.0,0.0,0.18421052631578938,0.0,0.0,0.0,0.0,0.0,0.18421052631578938,0.0,0.0,0.0,0.0,0.0,0.18421052631578938,0.0,0.0,0.0,0.0,0.0,0.18421052631578938,0.0,0.0,24,24,1,0.038510599,38.510599,0.022065401077270508,22.065401077270508,16.44519792272949,900.0,4.2789554444444444e-05
TP1,mpc,0,28,2018-12-01 07:00:00+00:00,32064,28,-7.637324619293213,-38.186623096466064,600.0232265364502,0.15000580663411256,5.553214961594848,0.0,0.0,0.34732717275619507,0.0,0.9774811267852783,1.0,0.796341598033905,0.0,0.0,True,True,False,0.05875000013038516,optimal,3551.9058850576002,0.01924443244934082,True,False,0,TP1,0.9782999753952026,1.0,0.6371654868125916,0.0,0.0,1.0,1.0,75.0,0.14473684210526305,0.0,75.0,0.0,0.0,0.0,0.18421052631578938,0.0,0.0,0.13333334028720856,0.13333334028720856,10.000000521540642,0.17894736814655746,0.0,10.0,1.0,1.0,75.0,0.14473684210526305,0.0,75.0,1.0,1.0,75.0,0.14473684210526305,0.0,75.0,24,24,1,0.035356684,35.356684,0.01924443244934082,19.24443244934082,16.112251550659177,900.0,3.928520444444444e-05
TP1,mpc,0,29,2018-12-01 07:15:00+00:00,32064,29,-6.7200323104858395,-33.6001615524292,524.8425867509923,0.13121064668774807,4.8574181403804335,0.0,0.0,0.31880855560302734,0.0,0.9813171625137329,1.0,0.741141140460968,0.0,0.0,True,True,False,0.07750000013038516,optimal,3812.947251785426,0.01924753189086914,True,False,0,TP1,0.9820541143417358,1.0,0.567733883857727,0.0,0.0,1.0,1.0,75.0,0.10526315789473674,0.0,75.0,1.0,1.0,75.0,0.14473684210526305,0.0,75.0,1.0,1.0,75.0,0.13947368393603116,0.0,75.0,1.0,1.0,75.0,0.10526315789473674,0.0,75.0,0.13333334028720856,0.13333334028720856,10.000000521540642,0.13947368393603113,0.0,10.0,24,24,1,0.037438386,37.438385999999994,0.01924753189086914,19.24753189086914,18.190854109130857,900.0,4.159820666666666e-05
TP1,mpc,0,30,2018-12-01 07:30:00+00:00,32064,30,-8.775003433227539,-43.875017166137695,683.6017841810644,0.1709004460452661,6.326734512595752,0.0,0.0,0.3917052149772644,0.0,0.9769028425216675,1.0,0.859808087348938,0.0,0.0,True,True,False,0.0025000001303851606,optimal,4064.4849388408475,0.02251887321472168,True,False,0,TP1,0.978306233882904,1.0,0.6824612021446228,0.0,0.0,0.0,0.0,0.0,0.10526315789473674,0.0,0.0,0.13333334028720856,0.13333334028720856,10.000000521540642,0.13947368393603113,0.0,10.0,0.0,0.0,0.0,0.13947368393603116,0.0,0.0,0.0,0.0,0.0,0.10526315789473674,0.0,0.0,0.0,0.0,0.0,0.13947368393603113,0.0,0.0,24,24,1,0.038403004,38.403003999999996,0.02251887321472168,22.51887321472168,15.884130785278318,900.0,4.267000444444444e-05
TP1,mpc,0,31,2018-12-01 07:45:00+00:00,32064,31,-0.005579646863043308,-0.02789823431521654,-311.0025190385386,0.0,0.0,0.0,0.0,0.026738882064819336,0.0,0.9975913763046265,1.0010210275650024,0.6039477586746216,0.0,0.0,True,True,False,0.06124999960884426,optimal,4304.972505366596,0.019145965576171875,True,False,0,TP1,0.9902633428573608,1.0000938177108765,0.27351951599121094,0.0,0.0,0.13333334028720856,0.13333334028720856,9.999999999999792,0.1,0.0,10.0,1.0,1.0,74.99999947845913,0.1,0.0,75.0,1.0,1.0,74.99999947845919,0.1,0.0,75.0,0.13333334028720856,0.13333334028720856,9.999999999999792,0.1,0.0,10.0,1.0,1.0,74.99999947845913,0.1,0.0,75.0,24,24,1,0.035164035,35.164035000000005,0.019145965576171875,19.145965576171875,16.018069423828127,900.0,3.907115e-05
TP1,mpc,0,32,2018-12-01 08:00:00+00:00,32064,32,-0.019286927953362464,-0.09643463976681232,-410.635721501194,0.0,0.0,9.281668996225562,0.0023204172490563905,0.023494422435760498,0.0,0.998153567314148,1.001861333847046,0.6611608862876892,0.0,0.0,True,True,False,0.004188255686312914,optimal,4543.091800506272,0.0753014087677002,True,False,0,TP1,1.0,1.0024490356445312,0.4854547381401062,0.0,0.0,-0.2233736366033554,-0.2233736366033554,-16.753022745251656,0.10795768580399454,16.753022670745906,0.0,0.0,0.0,0.0,0.1,0.0,0.0,0.0,0.0,0.0,0.1,0.0,0.0,0.0,0.0,0.0,0.1,0.0,0.0,0.0,0.0,0.0,0.1,0.0,0.0,24,24,1,0.094563509,94.56350900000001,0.0753014087677002,75.3014087677002,19.262100232299808,900.0,0.00010507056555555556
TP1,mpc,0,33,2018-12-01 08:15:00+00:00,32064,33,-0.03998495265841484,-0.1999247632920742,-406.1405220443248,0.0,0.0,78.89773233396431,0.019724433083491078,0.026517093181610107,0.0,0.9972692131996155,1.0020111799240112,0.6613460779190063,0.0,0.0,True,True,False,0.057724192303838205,optimal,4800.626144283663,0.052587032318115234,True,False,0,TP1,0.9998139142990112,1.0022730827331543,0.47805193066596985,0.0,0.0,0.20159471035003662,0.20159471035003662,15.119603027589605,0.1,0.0,15.119603027589607,-1.0,-1.0,-75.0,0.135625,75.0,0.0,-0.8770288825035095,-0.8770288825035095,-65.77716618776321,0.13124415393918754,65.77716790605166,0.0,-1.0,-1.0,-75.0,0.135625,75.0,0.0,0.0,0.0,0.0,0.1,0.0,0.0,24,24,1,0.071949871,71.949871,0.052587032318115234,52.587032318115234,19.362838681884764,900.0,7.994430111111111e-05
TP1,mpc,0,34,2018-12-01 08:30:00+00:00,32064,34,-0.07926637679338455,-0.39633188396692276,-403.1591751506767,0.0,0.0,181.6295177602951,0.045407379440073774,0.04167938232421875,0.0,0.9958930611610413,1.0021700859069824,0.6628334522247314,0.0,0.0,True,True,False,0.09375,optimal,5037.157174730432,0.19022512435913086,True,False,0,TP1,0.9993193745613098,1.0023977756500244,0.47580450773239136,0.0,0.0,-1.0,-1.0,-75.0,0.135625,75.0,0.0,-1.0,-1.0,-75.0,0.17124999999999999,75.0,0.0,-1.0,-1.0,-75.0,0.16686915393918753,75.0,0.0,-1.0,-1.0,-75.0,0.17124999999999999,75.0,0.0,-1.0,-1.0,-75.0,0.135625,75.0,0.0,24,24,1,0.208375203,208.375203,0.19022512435913086,190.22512435913086,18.15007864086915,900.0,0.00023152800333333333
TP1,mpc,0,35,2018-12-01 08:45:00+00:00,32064,35,-0.13473645150661467,-0.6736822575330734,-411.81871024059546,0.0,0.0,437.49077242877047,0.10937269310719262,0.04710167646408081,0.0,0.9955244660377502,1.0019484758377075,0.6725771427154541,0.0,0.0,True,True,False,0.08788396306335926,optimal,5237.663585612549,0.266693115234375,True,False,0,TP1,0.999287486076355,1.0021636486053467,0.4857673943042755,0.0,0.0,-1.0,-1.0,-75.0,0.17124999999999999,75.0,0.0,-1.0,-1.0,-75.0,0.20687499999999998,75.0,0.0,-0.6871446967124939,-0.6871446967124939,-51.53585225343704,0.19134868375957012,51.5358532028179,0.0,-1.0,-1.0,-75.0,0.20687499999999998,75.0,0.0,-1.0,-1.0,-75.0,0.17124999999999999,75.0,0.0,24,24,1,0.284521668,284.521668,0.266693115234375,266.693115234375,17.828552765625005,900.0,0.00031613518666666666
TP1,mpc,0,36,2018-12-01 09:00:00+00:00,32064,36,-0.16265594959259033,-0.8132797479629517,-420.6839271539593,0.0,0.0,726.2930375967483,0.18157325939918706,0.034683823585510254,0.0,0.9964434504508972,1.0017114877700806,0.6790310740470886,0.0,0.0,True,True,False,0.07740650922060013,optimal,5385.965902330168,0.30609798431396484,True,False,0,TP1,0.9999525547027588,1.00192391872406,0.49246466159820557,0.0,0.0,-0.5641735792160034,-0.5641735792160034,-42.313018441200256,0.1913486837595701,42.31301939058114,0.0,-1.0,-1.0,-75.0,0.24249999999999997,75.0,0.0,-1.0,-1.0,-75.0,0.2269736837595701,75.0,0.0,-1.0,-1.0,-75.0,0.24249999999999997,75.0,0.0,-0.5641735792160034,-0.5641735792160034,-42.313018441200256,0.1913486837595701,42.31301939058114,0.0,24,24,1,0.322316227,322.316227,0.30609798431396484,306.09798431396484,16.21824268603517,900.0,0.00035812914111111113
TP1,mpc,0,37,2018-12-01 09:15:00+00:00,32064,37,-0.20198757946491241,-1.009937897324562,-423.4795329159624,0.0,0.0,870.751068836508,0.217687767209127,0.04713249206542969,0.0,0.9955114126205444,1.0016734600067139,0.6848976016044617,0.0,0.0,True,True,False,0.09375,optimal,5469.9447540681585,0.35034704208374023,True,False,0,TP1,0.9992536902427673,1.0019065141677856,0.4975374639034271,0.0,0.0,-1.0,-1.0,-75.0,0.22697368375957008,75.0,0.0,-1.0,-1.0,-75.0,0.27812499999999996,75.0,0.0,-1.0,-1.0,-75.0,0.26259868375957013,75.0,0.0,-1.0,-1.0,-75.0,0.27812499999999996,75.0,0.0,-1.0,-1.0,-75.0,0.22697368375957008,75.0,0.0,24,24,1,0.366902315,366.902315,0.35034704208374023,350.34704208374023,16.555272916259746,900.0,0.00040766923888888886
TP1,mpc,0,38,2018-12-01 09:30:00+00:00,32064,38,-0.2400747537612915,-1.2003737688064575,-429.20687315813666,0.0,0.0,1087.7012585918308,0.2719253146479577,0.04836374521255493,0.0,0.9954676032066345,1.0015331506729126,0.690075695514679,0.0,0.0,True,True,False,0.09375,optimal,5507.495387599136,0.4171302318572998,True,False,0,TP1,0.9991323351860046,1.0017709732055664,0.5025726556777954,0.0,0.0,-1.0,-1.0,-75.0,0.2625986837595701,75.0,0.0,-1.0,-1.0,-75.0,0.31375,75.0,0.0,-1.0,-1.0,-75.0,0.29822368375957015,75.0,0.0,-1.0,-1.0,-75.0,0.31375,75.0,0.0,-1.0,-1.0,-75.0,0.2625986837595701,75.0,0.0,24,24,1,0.433050532,433.050532,0.4171302318572998,417.1302318572998,15.920300142700183,900.0,0.00048116725777777776
TP1,mpc,0,39,2018-12-01 09:45:00+00:00,32064,39,-0.27184775471687317,-1.3592387735843658,-434.36356855022495,0.0,0.0,1275.0387465651775,0.3187596866412944,0.049387335777282715,0.0,0.9954403042793274,1.0014111995697021,0.6954366564750671,0.0,0.0,True,True,False,0.09375,optimal,5492.812334340138,0.8198893070220947,True,False,0,TP1,0.9990172982215881,1.001645565032959,0.5071637630462646,0.0,0.0,-1.0,-1.0,-75.0,0.2982236837595701,75.0,0.0,-1.0,-1.0,-75.0,0.349375,75.0,0.0,-1.0,-1.0,-75.0,0.33384868375957016,75.0,0.0,-1.0,-1.0,-75.0,0.349375,75.0,0.0,-1.0,-1.0,-75.0,0.2982236837595701,75.0,0.0,24,24,1,0.836764242,836.764242,0.8198893070220947,819.8893070220947,16.874934977905266,900.0,0.0009297380466666667
TP1,mpc,0,40,2018-12-01 10:00:00+00:00,32064,40,-0.33262079358100893,-1.6631039679050446,-441.5856949933641,0.0,0.0,1520.9815586585094,0.38024538966462734,0.06135755777359009,0.0,0.9949094653129578,1.0012153387069702,0.6999155282974243,0.0,0.0,True,True,False,0.07905124677345157,optimal,5424.427549853197,0.6074273586273193,True,False,0,TP1,0.9979923367500305,1.0014296770095825,0.5137531757354736,0.0,0.0,-1.0,-1.0,-75.0,0.3338486837595701,75.0,0.0,-1.0,-1.0,-75.0,0.385,75.0,0.0,-0.21606649458408356,-0.21606649458408356,-16.204987093806267,0.3415460526291281,16.204987098965532,0.0,-1.0,-1.0,-75.0,0.385,75.0,0.0,-1.0,-1.0,-75.0,0.3338486837595701,75.0,0.0,24,24,1,0.624859511,624.859511,0.6074273586273193,607.4273586273193,17.432152372680697,900.0,0.0006942883455555556
TP1,mpc,0,41,2018-12-01 10:15:00+00:00,32064,41,-0.3209017515182495,-1.6045087575912476,-443.78588818130993,0.0,0.0,1622.4799851057921,0.405619996276448,0.047829508781433105,0.0,0.9955296516418457,1.0011895895004272,0.7013850808143616,0.0,0.0,True,True,False,0.09375,optimal,5292.366673867597,0.6260991096496582,True,False,0,TP1,0.9989575147628784,1.0014278888702393,0.5154414772987366,0.0,0.0,-1.0,-1.0,-75.0,0.3694736837595701,75.0,0.0,-1.0,-1.0,-75.0,0.420625,75.0,0.0,-1.0,-1.0,-75.0,0.37717105262912815,75.0,0.0,-1.0,-1.0,-75.0,0.420625,75.0,0.0,-1.0,-1.0,-75.0,0.3694736837595701,75.0,0.0,24,24,1,0.642576406,642.576406,0.6260991096496582,626.0991096496582,16.477296350341785,900.0,0.0007139737844444444
TP1,mpc,0,42,2018-12-01 10:30:00+00:00,32064,42,-0.3502734899520874,-1.751367449760437,-448.0697334095112,0.0,0.0,1775.7678845655857,0.44394197114139644,0.04712367057800293,0.0,0.9955569505691528,1.001115322113037,0.7037650942802429,0.0,0.0,True,True,False,0.09375,optimal,5118.087877074278,0.05363774299621582,True,False,0,TP1,0.9990464448928833,1.0013234615325928,0.519034743309021,0.0,0.0,-1.0,-1.0,-75.0,0.40509868375957014,75.0,0.0,-1.0,-1.0,-75.0,0.45625000000000004,75.0,0.0,-1.0,-1.0,-75.0,0.41279605262912816,75.0,0.0,-1.0,-1.0,-75.0,0.45625000000000004,75.0,0.0,-1.0,-1.0,-75.0,0.40509868375957014,75.0,0.0,24,24,1,0.069187334,69.187334,0.05363774299621582,53.63774299621582,15.549591003784183,900.0,7.687481555555555e-05
TP1,mpc,0,43,2018-12-01 10:45:00+00:00,32064,43,-0.45732506513595583,-2.286625325679779,-456.7553811136804,0.0,0.0,2057.078837580392,0.514269709395098,0.08312302827835083,0.0,0.9940965175628662,1.001528024673462,0.7080709934234619,0.0,0.0,True,True,False,0.09375,optimal,4898.594070035282,0.031279563903808594,True,False,0,TP1,0.9965488910675049,1.0027929544448853,0.526836633682251,0.0,0.0,-1.0,-1.0,-75.0,0.44072368375957016,75.0,0.0,-1.0,-1.0,-75.0,0.49187500000000006,75.0,0.0,1.0,1.0,75.0,0.37332236841860184,0.0,75.0,-1.0,-1.0,-75.0,0.49187500000000006,75.0,0.0,-1.0,-1.0,-75.0,0.44072368375957016,75.0,0.0,24,24,1,0.050970944,50.970943999999996,0.031279563903808594,31.279563903808594,19.691380096191402,900.0,5.6634382222222216e-05
TP1,mpc,0,44,2018-12-01 11:00:00+00:00,32064,44,-0.38565974235534667,-1.9282987117767334,-460.1353286718677,0.0,0.0,2173.3779660062874,0.5433444915015718,0.03240537643432617,0.0,0.9972681403160095,1.0008544921875,0.7096560001373291,0.0,0.0,True,True,False,0.09375,optimal,4645.75398511628,0.025661706924438477,True,False,0,TP1,0.9978365302085876,1.0035617351531982,0.5302097201347351,0.0,0.0,-1.0,-1.0,-75.0,0.4763486837595702,75.0,0.0,-1.0,-1.0,-75.0,0.5275000000000001,75.0,0.0,-1.0,-1.0,-75.0,0.40894736841860185,75.0,0.0,-1.0,-1.0,-75.0,0.5275000000000001,75.0,0.0,1.0,1.0,75.0,0.40124999954904383,0.0,75.0,24,24,1,0.044028574,44.028574,0.025661706924438477,25.661706924438477,18.366867075561526,900.0,4.892063777777778e-05
TP1,mpc,0,45,2018-12-01 11:15:00+00:00,32064,45,-0.40197935700416565,-2.0098967850208282,-461.8014456370929,0.0,0.0,2168.185300251255,0.5420463250628137,0.040089964866638184,0.0,0.9971390962600708,1.000925064086914,0.7091966271400452,0.0,0.0,True,True,False,0.07905124677345157,optimal,4379.092466603555,0.03250265121459961,True,False,0,TP1,0.9984362125396729,1.0013436079025269,0.530797004699707,0.0,0.0,-1.0,-1.0,-75.0,0.5119736837595702,75.0,0.0,-1.0,-1.0,-75.0,0.5631250000000001,75.0,0.0,-1.0,-1.0,-75.0,0.44457236841860187,75.0,0.0,-1.0,-1.0,-75.0,0.5631250000000001,75.0,0.0,-0.21606649458408356,-0.21606649458408356,-16.204987093806267,0.4089473684186018,16.204987098965564,0.0,24,24,1,0.050425838,50.425838,0.03250265121459961,32.50265121459961,17.92318678540039,900.0,5.602870888888889e-05
TP1,mpc,0,46,2018-12-01 11:30:00+00:00,32064,46,-0.40817817449569704,-2.040890872478485,-465.23829446459786,0.0,0.0,2228.7593505582886,0.5571898376395722,0.03594738245010376,0.0,0.9956878423690796,1.0008995532989502,0.7101446390151978,0.0,0.0,True,True,False,0.08107687029987573,optimal,4114.482808274192,0.020539522171020508,True,False,0,TP1,0.9994222521781921,1.0012640953063965,0.5336736440658569,0.0,0.0,-0.32409974932670593,-0.32409974932670593,-24.307481199502945,0.5235197373293341,24.307480173757938,0.0,-1.0,-1.0,-75.0,0.5987500000000001,75.0,0.0,-1.0,-1.0,-75.0,0.4801973684186019,75.0,0.0,-1.0,-1.0,-75.0,0.5987500000000001,75.0,0.0,-1.0,-1.0,-75.0,0.4445723684186018,75.0,0.0,24,24,1,0.03824088,38.24088,0.020539522171020508,20.539522171020508,17.70135782897949,900.0,4.248986666666666e-05
TP1,mpc,0,47,2018-12-01 11:45:00+00:00,32064,47,-0.5069100737571717,-2.534550368785858,-470.85434073051147,0.0,0.0,2371.6463028558846,0.5929115757139711,0.08227962255477905,0.0,0.9941571950912476,1.001713752746582,0.7141292691230774,0.0,0.0,True,True,False,0.09375,optimal,3842.860425327318,0.053566932678222656,True,False,0,TP1,0.9963244199752808,1.0029751062393188,0.5383546352386475,0.0,0.0,-1.0,-1.0,-75.0,0.5591447373293341,75.0,0.0,-1.0,-1.0,-75.0,0.6343750000000001,75.0,0.0,1.0,1.0,75.0,0.44072368420807556,0.0,75.0,-1.0,-1.0,-75.0,0.6343750000000001,75.0,0.0,-1.0,-1.0,-75.0,0.48019736841860183,75.0,0.0,24,24,1,0.07617765,76.17765,0.053566932678222656,53.566932678222656,22.610717321777344,900.0,8.464183333333333e-05
TP1,mpc,0,48,2018-12-01 12:00:00+00:00,32064,48,-0.49727761149406435,-2.4863880574703217,-474.2621627817698,0.0,0.0,2399.2048587657523,0.5998012146914381,0.08227545022964478,0.0,0.9941290020942688,1.001752257347107,0.716401219367981,0.0,0.0,True,True,False,0.09368074759840965,optimal,3554.922351808611,0.025752782821655273,True,False,0,TP1,0.9963486790657043,1.0030103921890259,0.5408172011375427,0.0,0.0,-1.0,-1.0,-75.0,0.5947697373293341,75.0,0.0,-0.9963065385818481,-0.9963065385818481,-74.72299039363861,0.6698684204369785,74.72299168975042,0.0,1.0,1.0,75.0,0.40124999999754923,0.0,75.0,-1.0,-1.0,-75.0,0.6700000000000002,75.0,0.0,-1.0,-1.0,-75.0,0.5158223684186019,75.0,0.0,24,24,1,0.04454777,44.54777,0.025752782821655273,25.752782821655273,18.794987178344726,900.0,4.949752222222222e-05
TP1,mpc,0,49,2018-12-01 12:15:00+00:00,32064,49,-0.45626587271690366,-2.2813293635845184,-479.7664970997175,0.0,0.0,2556.4794215387665,0.6391198553846916,0.03282725811004639,0.0,0.9983144402503967,1.0028820037841797,0.7172433137893677,0.0,0.0,True,True,False,0.09375,optimal,3261.082631683912,0.04545855522155762,True,False,0,TP1,1.0,1.0035353899002075,0.5449345707893372,0.0,0.0,-1.0,-1.0,-75.0,0.6303947373293342,75.0,0.0,1.0,1.0,75.0,0.6303947362264521,0.0,75.0,-1.0,-1.0,-75.0,0.43687499999754925,75.0,0.0,1.0,1.0,75.0,0.6305263157894738,0.0,75.0,-1.0,-1.0,-75.0,0.5514473684186019,75.0,0.0,24,24,1,0.061336279,61.336279,0.04545855522155762,45.45855522155762,15.877723778442384,900.0,6.815142111111112e-05
TP1,mpc,0,50,2018-12-01 12:30:00+00:00,32064,50,-0.4100945293903351,-2.0504726469516754,-479.57742792436875,0.0,0.0,2241.43832557602,0.560359581394005,0.04452919960021973,0.0,0.9956413507461548,1.0008362531661987,0.7162030935287476,0.0,0.0,True,True,False,0.09375,optimal,2949.0050972410904,0.02565789222717285,True,False,0,TP1,0.998801052570343,1.0012561082839966,0.5445212721824646,0.0,0.0,-1.0,-1.0,-75.0,0.6660197373293342,75.0,0.0,-1.0,-1.0,-75.0,0.6660197362264522,75.0,0.0,-1.0,-1.0,-75.0,0.47249999999754927,75.0,0.0,-1.0,-1.0,-75.0,0.6661513157894738,75.0,0.0,-1.0,-1.0,-75.0,0.5870723684186019,75.0,0.0,24,24,1,0.041835546,41.835546,0.02565789222717285,25.65789222717285,16.17765377282715,900.0,4.648394e-05
TP1,mpc,0,51,2018-12-01 12:45:00+00:00,32064,51,-0.5081696152687073,-2.5408480763435364,-488.86776160202317,0.0,0.0,2651.21822117884,0.6628045552947099,0.04245758056640625,0.0,0.9968298673629761,1.001771330833435,0.7205713391304016,0.0,0.0,True,True,False,0.09375,optimal,2676.0286810662024,0.016594886779785156,True,False,0,TP1,0.9975507855415344,1.0030157566070557,0.5522415637969971,0.0,0.0,1.0,1.0,75.0,0.6265460531188078,0.0,75.0,-1.0,-1.0,-75.0,0.7016447362264522,75.00000060912971,-6.098439979369869e-07,1.0,1.0,75.0,0.43302631578702294,0.0,75.0,1.0,1.0,75.0,0.6266776315789475,0.0,75.0,-1.0,-1.0,-75.0,0.6226973684186019,75.0,0.0,24,24,1,0.032180353,32.180353000000004,0.016594886779785156,16.594886779785156,15.585466220214846,900.0,3.575594777777778e-05
TP1,mpc,0,52,2018-12-01 13:00:00+00:00,32064,52,-0.4262883305549622,-2.131441652774811,-490.0201804430253,0.0,0.0,2435.7260575610962,0.608931514390274,0.03070533275604248,0.0,0.9989097714424133,1.002901315689087,0.7205692529678345,0.0,0.0,True,True,False,0.09192187450826168,optimal,2351.455302440244,0.023789405822753906,True,False,0,TP1,1.0,1.003563404083252,0.5531629920005798,0.0,0.0,-1.0,-1.0,-75.0,0.6621710531188079,75.0,0.0,1.0,1.0,75.0,0.6621710520159259,0.0,75.0,-1.0,-1.0,-75.0,0.46865131578702296,75.0,0.0,-1.0,-1.0,-75.0,0.6623026315789475,75.0,0.0,0.9024999737739563,0.9024999737739563,67.68749803304672,0.5870723694538404,0.0,67.6874999953439,24,24,1,0.039230461,39.230461,0.023789405822753906,23.789405822753906,15.441055177246096,900.0,4.3589401111111115e-05
TP1,mpc,0,53,2018-12-01 13:15:00+00:00,32064,53,-0.3995704710483551,-1.9978523552417755,-493.63663674648706,0.0,0.0,2242.7494668257455,0.5606873667064364,0.03154611587524414,0.0,0.9971984624862671,1.0007725954055786,0.7138926982879639,0.0,0.0,True,True,False,0.08969875238835812,optimal,2053.2331337475307,0.0172884464263916,True,False,0,TP1,0.9976893663406372,1.0027662515640259,0.5541533827781677,0.0,0.0,-1.0,-1.0,-75.0,0.6977960531188079,75.0,0.0,-1.0,-1.0,-75.0,0.6977960520159259,75.0,0.0,-1.0,-1.0,-75.0,0.5042763157870229,75.0,0.0,1.0,1.0,75.0,0.6228289473684212,0.0,75.0,-0.7839334607124329,-0.7839334607124329,-58.795009553432465,0.6149999989917209,58.79501167612551,0.0,24,24,1,0.033000893,33.000893000000005,0.0172884464263916,17.2884464263916,15.712446573608402,900.0,3.666765888888889e-05
TP1,mpc,0,54,2018-12-01 13:30:00+00:00,32064,54,-0.3987235903739929,-1.9936179518699646,-497.429404606919,0.0,0.0,2131.972808123621,0.5329932020309052,0.03874272108078003,0.0,0.9958070516586304,1.001645803451538,0.7168681621551514,0.0,0.0,True,True,False,0.09220868200063706,optimal,1780.7995620205195,0.034744977951049805,True,False,0,TP1,0.9993107318878174,1.0025190114974976,0.5557564496994019,0.0,0.0,1.0,1.0,75.0,0.6583223689082816,0.0,75.0,-1.0,-1.0,-75.0,0.7334210520159259,75.0,0.0,-0.9177963733673096,-0.9177963733673096,-68.83472800254822,0.5369728115882333,68.83472658908325,0.0,-1.0,-1.0,-75.0,0.6584539473684212,75.0,0.0,-1.0,-1.0,-75.0,0.6506249989917209,75.0,0.0,24,24,1,0.050102499,50.102499,0.034744977951049805,34.744977951049805,15.357521048950197,900.0,5.5669443333333333e-05
TP1,mpc,0,55,2018-12-01 13:45:00+00:00,32064,55,-0.47411085963249205,-2.3705542981624603,-499.16130660290037,0.0,0.0,2162.28013631288,0.54057003407822,0.08202308416366577,0.0,0.995893657207489,1.0065383911132812,0.7130932211875916,0.0,0.0,True,True,False,0.09375,optimal,1519.6142456210387,0.022901296615600586,True,False,0,TP1,0.999347448348999,1.0071122646331787,0.5574089884757996,0.0,0.0,1.0,1.0,75.0,0.6188486846977552,0.0,75.0,1.0,1.0,75.0,0.6939473678053996,0.0,75.0,-1.0,-1.0,-75.0,0.5725978115882333,75.0,0.0,-1.0,-1.0,-75.0,0.6940789473684212,75.0,0.0,-1.0,-1.0,-75.0,0.6862499989917209,75.0,0.0,24,24,1,0.039441574,39.441574,0.022901296615600586,22.901296615600586,16.540277384399413,900.0,4.382397111111111e-05
TP1,mpc,0,56,2018-12-01 14:00:00+00:00,32064,56,-0.3180085778236389,-1.5900428891181946,-501.3193072679769,0.0,0.0,1815.7165241007203,0.45392913102518007,0.03285032510757446,0.0,0.9972378015518188,1.0007059574127197,0.714289665222168,0.0,0.0,True,True,False,0.07486500176601112,optimal,1256.0308940555615,0.02531599998474121,True,False,0,TP1,0.9984899759292603,1.0016447305679321,0.5579448342323303,0.0,0.0,-0.8919667601585388,-0.8919667601585388,-66.89750701189041,0.6506250005284032,66.89750589946287,0.0,-1.0,-1.0,-75.0,0.7295723678053996,75.0,0.0,-1.0,-1.0,-75.0,0.6082228115882333,75.0,0.0,0.10083333402872086,0.10083333402872086,7.562500052154064,0.690098684183077,0.0,7.562500000000553,-1.0,-1.0,-75.0,0.7218749989917209,75.0,0.0,24,24,1,0.041083492,41.083492,0.02531599998474121,25.31599998474121,15.767492015258789,900.0,4.564832444444444e-05
TP1,mpc,0,57,2018-12-01 14:15:00+00:00,32064,57,-0.30541378259658813,-1.5270689129829407,-500.74905981682605,0.0,0.0,1556.5721745093667,0.3891430436273417,0.04228013753890991,0.0,0.9955728650093079,1.0006598234176636,0.71990966796875,0.0,0.0,True,True,False,0.09375,optimal,1034.4106187576751,0.02554941177368164,True,False,0,TP1,0.9988753199577332,1.0015885829925537,0.5594713687896729,0.0,0.0,-1.0,-1.0,-75.0,0.6862500005284032,75.0,0.0,-1.0,-1.0,-75.0,0.7651973678053996,75.0,0.0,-1.0,-1.0,-75.0,0.6438478115882333,75.0,0.0,-1.0,-1.0,-75.0,0.725723684183077,75.0,0.0,-1.0,-1.0,-75.0,0.7574999989917209,75.0,0.0,24,24,1,0.041238461,41.238460999999994,0.02554941177368164,25.54941177368164,15.689049226318357,900.0,4.5820512222222217e-05
TP1,mpc,0,58,2018-12-01 14:30:00+00:00,32064,58,-0.2837056636810303,-1.4185283184051514,-500.2788362241972,0.0,0.0,1417.5087507929043,0.35437718769822607,0.04082226753234863,0.0,0.9953638315200806,1.000666856765747,0.7175769209861755,0.0,0.0,True,True,False,0.08969875350594521,optimal,846.4714368469146,0.035753488540649414,True,False,0,TP1,0.998970627784729,1.0016145706176758,0.5592869520187378,0.0,0.0,-1.0,-1.0,-75.0,0.7218750005284033,75.0,0.0,-0.7839335203170776,-0.7839335203170776,-58.79501402378082,0.7931249994666955,58.795015146527255,0.0,-1.0,-1.0,-75.0,0.6794728115882334,75.0,0.0,-1.0,-1.0,-75.0,0.761348684183077,75.0,0.0,-1.0,-1.0,-75.0,0.793124998991721,75.0,0.0,24,24,1,0.052047756,52.047756,0.035753488540649414,35.753488540649414,16.294267459350586,900.0,5.783084e-05
TP1,mpc,0,59,2018-12-01 14:45:00+00:00,32064,59,-0.27637248635292055,-1.3818624317646027,-500.55697094671814,0.0,0.0,1495.4770828909404,0.3738692707227351,0.019378840923309326,0.0,0.9984840750694275,1.0009182691574097,0.7186961770057678,0.0,0.0,True,True,False,0.08820312470197678,optimal,677.590051774332,0.040228843688964844,True,False,0,TP1,0.999685525894165,1.002563714981079,0.5598335862159729,0.0,0.0,0.8991667032241821,0.8991667032241821,67.43750274181366,0.6863815780327118,0.0,67.43750227961787,-1.0,-1.0,-75.0,0.8287499994666955,75.0,0.0,-1.0,-1.0,-75.0,0.7150978115882334,75.0,0.0,-1.0,-1.0,-75.0,0.796973684183077,75.0,0.0,0.8049999475479126,0.8049999475479126,60.374996066093445,0.7613486852727244,0.0,60.37499808426985,24,24,1,0.056433311,56.433311,0.040228843688964844,40.228843688964844,16.204467311035156,900.0,6.270367888888888e-05
TP1,mpc,0,60,2018-12-01 15:00:00+00:00,32064,60,-0.25454298257827757,-1.272714912891388,-500.269536637461,0.0,0.0,1311.8463397901498,0.32796158494753747,0.029635310173034668,0.0,0.9977200031280518,1.0021252632141113,0.7210144400596619,0.0,0.0,True,True,False,0.09009375013411045,optimal,497.4693633690921,0.04025912284851074,True,False,0,TP1,1.0,1.002827525138855,0.559993326663971,0.0,0.0,-1.0,-1.0,-75.0,0.7220065780327118,75.0,0.0,0.8050000071525574,0.8050000071525574,60.3750005364418,0.796973683394884,0.0,60.3749989867215,-1.0,-1.0,-75.0,0.7507228115882334,75.0,0.0,1.0,1.0,75.0,0.7574999999725507,0.0,75.0,-1.0,-1.0,-75.0,0.7969736852727244,75.0,0.0,24,24,1,0.057021285,57.021285,0.04025912284851074,40.25912284851074,16.762162151489257,900.0,6.335698333333333e-05
TP1,mpc,0,61,2018-12-01 15:15:00+00:00,32064,61,-0.19947143495082856,-0.9973571747541428,-500.5442925089483,0.0,0.0,968.9639199249991,0.24224097998124977,0.03628849983215332,0.0,0.9969659447669983,1.0007140636444092,0.7165312170982361,0.0,0.0,True,True,False,0.09375,optimal,340.52423168403084,0.03748631477355957,True,False,0,TP1,0.997514009475708,1.002478003501892,0.558417797088623,0.0,0.0,-1.0,-1.0,-75.0,0.7576315780327119,75.0,0.0,-1.0,-1.0,-75.0,0.832598683394884,75.0,0.0,-1.0,-1.0,-75.0,0.7863478115882334,75.0,0.0,-1.0,-1.0,-75.0,0.7931249999725507,75.0,0.0,1.0,1.0,75.0,0.7575000010621981,0.0,75.00000155026609,24,24,1,0.053972909,53.972909,0.03748631477355957,37.48631477355957,16.486594226440427,900.0,5.996989888888889e-05
TP1,mpc,0,62,2018-12-01 15:30:00+00:00,32064,62,-0.1665785163640976,-0.832892581820488,-500.10320951105314,0.0,0.0,609.6997272322789,0.1524249318080697,0.05475693941116333,0.0,0.9943757653236389,1.0008008480072021,0.7122665047645569,0.0,0.0,True,True,False,0.09375,optimal,225.52167899505145,0.024486064910888672,True,False,0,TP1,0.9978588819503784,1.00180983543396,0.5581318736076355,0.0,0.0,-1.0,-1.0,-75.0,0.7932565780327119,75.0,0.0,-1.0,-1.0,-75.0,0.868223683394884,75.0,0.0,-1.0,-1.0,-75.0,0.8219728115882334,75.0,0.0,-1.0,-1.0,-75.0,0.8287499999725507,75.0,0.0,-1.0,-1.0,-75.0,0.7931250010621981,75.0,0.0,24,24,1,0.04098503,40.98503,0.024486064910888672,24.486064910888672,16.498965089111326,900.0,4.553892222222222e-05
TP1,mpc,0,63,2018-12-01 15:45:00+00:00,32064,63,-0.16511636078357697,-0.8255818039178848,-498.9744183978928,0.0,0.0,503.6593556621016,0.1259148389155254,0.05793255567550659,0.0,0.9942542910575867,1.00356924533844,0.7194981575012207,0.0,0.0,True,True,False,0.09375,optimal,156.89760147052576,0.034157514572143555,True,False,0,TP1,0.9977614283561707,1.0043690204620361,0.5589014291763306,0.0,0.0,-1.0,-1.0,-75.0,0.8288815780327119,75.0,0.0,1.0,1.0,75.0,0.8287499991843577,0.0,74.99999845027959,-1.0,-1.0,-75.0,0.8575978115882334,75.00000026464028,-2.6535455090876187e-07,-1.0,-1.0,-75.0,0.8643749999725507,75.0,0.0,-1.0,-1.0,-75.0,0.8287500010621981,75.0,0.0,24,24,1,0.051008608,51.008607999999995,0.034157514572143555,34.157514572143555,16.85109342785644,900.0,5.667623111111111e-05
TP1,mpc,0,64,2018-12-01 16:00:00+00:00,32064,64,-0.09396346658468246,-0.4698173329234123,-499.0650301160713,0.0,0.0,127.26116354929263,0.031815290887323155,0.06173354387283325,0.0,0.9936193823814392,1.000901460647583,0.718772828578949,0.0,0.0,True,True,False,0.09375,optimal,100.27825570945889,0.019718408584594727,True,False,0,TP1,0.9972548484802246,1.0019252300262451,0.557998776435852,0.0,0.0,-1.0,-1.0,-75.0,0.8645065780327119,75.0,0.0,-1.0,-1.0,-75.0,0.8643749991843577,75.0,0.0,-1.0,-1.0,-75.0,0.8932228115882335,75.0,0.0,-1.0,-1.0,-75.0,0.8999999999725508,75.0,0.0,-1.0,-1.0,-75.0,0.8643750010621981,75.0,0.0,24,24,1,0.035745138,35.745138000000004,0.019718408584594727,19.718408584594727,16.026729415405278,900.0,3.971682e-05
TP1,mpc,0,65,2018-12-01 16:15:00+00:00,32064,65,-0.08229837864637375,-0.41149189323186874,-500.13340704254006,0.0,0.0,4.867892571276968,0.001216973142819242,0.07182967662811279,0.0,0.9941840171813965,1.0014036893844604,0.7181804776191711,0.0,0.0,True,True,False,0.05974768909117457,optimal,92.5292641334047,0.020303964614868164,True,False,0,TP1,0.9971021413803101,1.0026042461395264,0.5585942268371582,0.0,0.0,-0.9963065981864929,-0.9963065981864929,-74.72299361534338,0.9,74.72299361534338,0.0,-1.0,-1.0,-75.0,0.8999999991843577,74.99999943571798,0.0,-0.1902368664741516,-0.1902368664741516,-14.26776498556137,0.8999999999563751,14.267765077403274,0.0,0.0,0.0,0.0,0.8999999999725508,0.0,0.0,-1.0,-1.0,-74.9999977637935,0.9,75.0,0.0,24,24,1,0.036142218,36.142218,0.020303964614868164,20.303964614868164,15.838253385131832,900.0,4.015802e-05
TP1,mpc,0,66,2018-12-01 16:30:00+00:00,32064,66,-0.016759512946009636,-0.08379756473004818,-480.08897998556677,0.0,0.0,0.0,0.0,0.03932666778564453,0.0,0.9958668351173401,1.0013121366500854,0.7158265113830566,0.0,0.0,True,True,False,0.0,optimal,98.90808816491572,0.023535966873168945,True,False,0,TP1,0.9991673827171326,1.0024304389953613,0.5230925679206848,0.0,0.0,0.0,0.0,0.0,0.9,0.0,0.0,0.0,0.0,0.0,0.8999999991843577,0.0,0.0,-0.0,-0.0,0.0,0.8999999999563751,0.0,-7.717301131170513e-08,-0.0,-0.0,0.0,0.8999999999725508,0.0,-4.715362364197063e-08,0.0,0.0,0.0,0.9,0.0,0.0,24,24,1,0.039945723,39.945723,0.023535966873168945,23.535966873168945,16.409756126831056,900.0,4.438413666666667e-05
TP1,mpc,0,67,2018-12-01 16:45:00+00:00,32064,67,-0.158090740442276,-0.79045370221138,-192.21217576955496,0.0,0.0,0.0,0.0,0.12160825729370117,0.0,0.9923123717308044,1.0000642538070679,0.5604376196861267,0.0,0.0,True,True,False,0.0,optimal,105.28079749272351,0.017774343490600586,True,False,0,TP1,0.9940456748008728,1.0012608766555786,0.31968942284584045,0.0,0.0,0.0,0.0,0.0,0.9,0.0,0.0,0.0,0.0,0.0,0.8999999991843577,0.0,0.0,-0.0,-0.0,0.0,0.8999999999563751,0.0,-7.717303973341456e-08,-0.0,-0.0,0.0,0.8999999999725508,0.0,-4.715362364197063e-08,0.0,0.0,0.0,0.9,0.0,0.0,24,24,1,0.034084902,34.084902,0.017774343490600586,17.774343490600586,16.310558509399414,900.0,3.787211333333333e-05
TP1,mpc,0,68,2018-12-01 17:00:00+00:00,32064,68,-0.19028555154800414,-0.9514277577400208,-3.8742540057228325,0.0,0.0,0.0,0.0,0.16040021181106567,0.0,0.9907171726226807,1.0,0.5201228260993958,0.0,0.0,True,True,False,0.03059656620025635,optimal,111.59429869705525,0.021828413009643555,True,False,0,TP1,0.991324245929718,1.000314712524414,0.25705572962760925,0.0,0.0,1.0,1.0,75.0,0.8605263157894737,0.0,75.0,0.0,0.0,0.0,0.8999999991843577,0.0,0.0,0.0,0.0,0.0,0.8999999999563751,0.0,0.0,0.0,0.0,0.0,0.8999999999725508,0.0,0.0,0.6318168640136719,0.6318168640136719,47.38626480102539,0.8750598606310392,0.0,47.38626539707093,24,24,1,0.037433093,37.433093,0.021828413009643555,21.828413009643555,15.604679990356447,900.0,4.1592325555555554e-05
TP1,mpc,0,69,2018-12-01 17:15:00+00:00,32064,69,-7.416861057281494,-37.08430528640747,465.37621117272465,0.11634405279318116,5.4367575870253555,0.0,0.0,0.29385507106781006,0.0,0.9822534918785095,1.0,0.7024380564689636,0.0,0.0,True,True,False,0.09375,optimal,118.15176147808626,0.020147085189819336,True,False,0,TP1,0.9833759069442749,1.0,0.5008699893951416,0.0,0.0,1.0,1.0,75.0,0.8210526315789474,0.0,75.0,1.0,1.0,75.0,0.8605263149738314,0.0,75.0,1.0,1.0,75.0,0.8605263157458488,0.0,75.0,1.0,1.0,75.0,0.8605263157620244,0.0,75.0,1.0,1.0,75.0,0.8355861764205129,0.0,75.0,24,24,1,0.036438828,36.438828,0.020147085189819336,20.147085189819336,16.291742810180665,900.0,4.048758666666666e-05
TP1,mpc,0,70,2018-12-01 17:30:00+00:00,32064,70,-7.420432090759277,-37.10216045379639,463.3452403068077,0.11583631007670192,5.413030769884281,0.0,0.0,0.29464244842529297,0.0,0.982155978679657,1.0,0.7001290321350098,0.0,0.0,True,True,False,0.09375,optimal,119.63699245953856,0.0186159610748291,True,False,0,TP1,0.9830155968666077,1.0,0.5184230804443359,0.0,0.0,1.0,1.0,75.0,0.781578947368421,0.0,75.0,1.0,1.0,75.0,0.821052630763305,0.0,75.0,1.0,1.0,75.0,0.8210526315353225,0.0,75.0,1.0,1.0,75.0,0.8210526315514981,0.0,75.0,1.0,1.0,75.0,0.7961124922099866,0.0,75.0,24,24,1,0.034106539,34.106539,0.0186159610748291,18.6159610748291,15.490577925170896,900.0,3.789615444444444e-05
TP1,mpc,0,71,2018-12-01 17:45:00+00:00,32064,71,-7.466170787811279,-37.3308539390564,466.25789579911725,0.11656447394977931,5.447057867673187,0.0,0.0,0.2957988977432251,0.0,0.982107937335968,1.0,0.7034021019935608,0.0,0.0,True,True,False,0.09375,optimal,120.86911992920867,0.01594996452331543,True,False,0,TP1,0.983014702796936,1.0,0.518660306930542,0.0,0.0,1.0,1.0,75.0,0.7421052631578947,0.0,75.0,1.0,1.0,75.0,0.7815789465527787,0.0,75.0,1.0,1.0,75.0,0.7815789473247962,0.0,75.0,1.0,1.0,75.0,0.7815789473409718,0.0,75.0,1.0,1.0,75.0,0.7566388079994603,0.0,75.0,24,24,1,0.031290035,31.290035,0.01594996452331543,15.94996452331543,15.340070476684572,900.0,3.4766705555555555e-05
TP1,mpc,0,72,2018-12-01 18:00:00+00:00,32064,72,-7.212060928344727,-36.06030464172363,470.8131974271055,0.11770329935677637,5.250744184305794,0.0,0.0,0.29664361476898193,0.0,0.9822080731391907,1.0,0.7085269093513489,0.0,0.0,True,True,False,0.09375,optimal,122.04508663096132,0.020187854766845703,True,False,0,TP1,0.9826732873916626,1.0,0.5346216559410095,0.0,0.0,1.0,1.0,75.0,0.7026315789473684,0.0,75.0,1.0,1.0,75.0,0.7421052623422524,0.0,75.0,1.0,1.0,75.0,0.7421052631142698,0.0,75.0,1.0,1.0,75.0,0.7421052631304454,0.0,75.0,1.0,1.0,75.0,0.7171651237889339,0.0,75.0,24,24,1,0.035544738,35.544738,0.020187854766845703,20.187854766845703,15.356883233154296,900.0,3.949415333333333e-05
TP1,mpc,0,73,2018-12-01 18:15:00+00:00,32064,73,-7.22255802154541,-36.11279010772705,471.49869557392776,0.11787467389348194,5.258389202388229,0.0,0.0,0.2970730662345886,0.0,0.9822813272476196,1.0,0.7096989154815674,0.0,0.0,True,True,False,0.09375,optimal,123.64679226501013,0.015923738479614258,True,False,0,TP1,0.9829778671264648,1.0,0.5301988124847412,0.0,0.0,1.0,1.0,75.0,0.6631578947368421,0.0,75.0,1.0,1.0,75.0,0.702631578131726,0.0,75.0,1.0,1.0,75.0,0.7026315789037435,0.0,75.0,1.0,1.0,75.0,0.7026315789199191,0.0,75.0,1.0,1.0,75.0,0.6776914395784076,0.0,75.0,24,24,1,0.031600538,31.600537999999997,0.015923738479614258,15.923738479614258,15.676799520385739,900.0,3.5111708888888884e-05
TP1,mpc,0,74,2018-12-01 18:30:00+00:00,32064,74,-7.243814945220947,-36.219074726104736,473.0217653936961,0.11825544134842403,5.275375238553196,0.0,0.0,0.29643863439559937,0.0,0.9823445081710815,1.0,0.7114137411117554,0.0,0.0,True,True,False,0.09375,optimal,125.27055087295275,0.01913738250732422,True,False,0,TP1,0.9831430912017822,1.0,0.5296562314033508,0.0,0.0,1.0,1.0,75.0,0.6236842105263157,0.0,75.0,1.0,1.0,75.0,0.6631578939211997,0.0,75.0,1.0,1.0,75.0,0.6631578946932172,0.0,75.0,1.0,1.0,75.0,0.6631578947093928,0.0,75.0,1.0,1.0,75.0,0.6382177553678813,0.0,75.0,24,24,1,0.034488388,34.488388,0.01913738250732422,19.13738250732422,15.351005492675784,900.0,3.832043111111111e-05
TP1,mpc,0,75,2018-12-01 18:45:00+00:00,32064,75,-7.1801862716674805,-35.9009313583374,468.86737926774913,0.11721684481693728,5.229043447283572,0.0,0.0,0.2938251495361328,0.0,0.9825186729431152,1.0,0.7067258954048157,0.0,0.0,True,True,False,0.09375,optimal,126.86177468076852,0.02043294906616211,True,False,0,TP1,0.9832102060317993,1.0,0.5303308963775635,0.0,0.0,1.0,1.0,75.0,0.5842105263157894,0.0,75.0,1.0,1.0,75.0,0.6236842097106734,0.0,75.0,1.0,1.0,75.0,0.6236842104826908,0.0,75.0,1.0,1.0,75.0,0.6236842104988665,0.0,75.0,1.0,1.0,75.0,0.598744071157355,0.0,75.0,24,24,1,0.035709879,35.709879,0.02043294906616211,20.43294906616211,15.276929933837891,900.0,3.9677643333333335e-05
TP1,mpc,0,76,2018-12-01 19:00:00+00:00,32064,76,-6.436212539672852,-32.18106269836426,468.93588840134726,0.11723397210033681,4.656533371825378,0.0,0.0,0.2940477132797241,0.0,0.9825036525726318,1.0,0.7068039178848267,0.0,0.0,True,True,False,0.09375,optimal,128.39590265469656,0.01967477798461914,True,False,0,TP1,0.9834032654762268,1.0,0.5255680084228516,0.0,0.0,1.0,1.0,75.0,0.5447368421052631,0.0,75.0,1.0,1.0,75.0,0.5842105255001471,0.0,75.0,1.0,1.0,75.0,0.5842105262721645,0.0,75.0,1.0,1.0,75.0,0.5842105262883401,0.0,75.0,1.0,1.0,75.0,0.5592703869468286,0.0,75.0,24,24,1,0.040346843,40.346843,0.01967477798461914,19.67477798461914,20.67206501538086,900.0,4.482982555555556e-05
TP1,mpc,0,77,2018-12-01 19:15:00+00:00,32064,77,-6.389327049255371,-31.946635246276855,465.4407527391413,0.11636018818478533,4.6218266746996735,0.0,0.0,0.29268890619277954,0.0,0.9825277924537659,1.0,0.7028682827949524,0.0,0.0,True,True,False,0.09375,optimal,130.27826535014339,0.02038121223449707,True,False,0,TP1,0.9834004640579224,1.0,0.5249807834625244,0.0,0.0,1.0,1.0,75.0,0.5052631578947367,0.0,75.0,1.0,1.0,75.0,0.5447368412896207,0.0,75.0,1.0,1.0,75.0,0.5447368420616382,0.0,75.0,1.0,1.0,75.0,0.5447368420778138,0.0,75.0,1.0,1.0,75.0,0.5197967027363023,0.0,75.0,24,24,1,0.036571547,36.571547,0.02038121223449707,20.38121223449707,16.190334765502932,900.0,4.0635052222222226e-05
TP1,mpc,0,78,2018-12-01 19:30:00+00:00,32064,78,-6.29401969909668,-31.4700984954834,458.5608143695481,0.11464020359238702,4.553508886689612,0.0,0.0,0.2876932621002197,0.0,0.9829025864601135,1.0,0.6951119303703308,0.0,0.0,True,True,False,0.09375,optimal,132.1482753190819,0.01844334602355957,True,False,0,TP1,0.9835782051086426,1.0,0.5208653211593628,0.0,0.0,1.0,1.0,75.0,0.4657894736842104,0.0,75.0,1.0,1.0,75.0,0.5052631570790944,0.0,75.0,1.0,1.0,75.0,0.5052631578511119,0.0,75.0,1.0,1.0,75.0,0.5052631578672875,0.0,75.0,1.0,1.0,75.0,0.48032301852577597,0.0,75.0,24,24,1,0.034165028,34.165028,0.01844334602355957,18.44334602355957,15.72168197644043,900.0,3.7961142222222224e-05
TP1,mpc,0,79,2018-12-01 19:45:00+00:00,32064,79,-6.272949695587158,-31.36474847793579,456.9909470806124,0.1142477367701531,4.537920104510481,0.0,0.0,0.28707432746887207,0.0,0.9829349517822266,1.0,0.6933459639549255,0.0,0.0,True,True,False,0.09375,optimal,134.0211929506554,0.02045893669128418,True,False,0,TP1,0.9837634563446045,1.0,0.5158653855323792,0.0,0.0,1.0,1.0,75.0,0.4263157894736841,0.0,75.0,1.0,1.0,75.0,0.4657894728685681,0.0,75.0,1.0,1.0,75.0,0.46578947364058554,0.0,75.0,1.0,1.0,75.0,0.46578947365676115,0.0,75.0,1.0,1.0,75.0,0.44084933431524964,0.0,75.0,24,24,1,0.036059603,36.059603,0.02045893669128418,20.45893669128418,15.600666308715823,900.0,4.0066225555555555e-05
TP1,mpc,0,80,2018-12-01 20:00:00+00:00,32064,80,-9.852560043334961,-49.262800216674805,776.9929441051318,0.19424823602628294,7.117255368003007,0.0,0.0,0.4275466203689575,0.0,0.9749383330345154,1.0,0.9376863837242126,0.0,0.0,True,True,False,0.014999999664723873,optimal,135.89053491174764,0.01996445655822754,True,False,0,TP1,0.9758185744285583,1.0,0.8094526529312134,0.0,0.0,0.0,0.0,0.0,0.4263157894736841,0.0,0.0,0.2666666507720947,0.2666666507720947,19.999998807907104,0.4552631577065117,0.0,19.99999845027921,0.2666666507720947,0.2666666507720947,19.999998807907104,0.45526315847852916,0.0,19.999999917112365,0.2666666805744171,0.2666666805744171,20.000001043081284,0.4552631573182973,0.0,19.99999994784604,0.0,0.0,0.0,0.44084933431524964,0.0,0.0,24,24,1,0.035567774,35.567774,0.01996445655822754,19.96445655822754,15.603317441772464,900.0,3.9519748888888896e-05
TP1,mpc,0,81,2018-12-01 20:15:00+00:00,32064,81,-10.506856918334961,-52.534284591674805,832.71536713778,0.208178841784445,7.6276727629820655,0.0,0.0,0.44841498136520386,0.0,0.9735767245292664,1.0,0.9829866290092468,0.0,0.0,True,True,False,2.7730131524350556e-10,optimal,135.34035910990093,0.018976449966430664,True,False,0,TP1,0.9743306040763855,1.0,0.8662727475166321,0.0,0.0,0.0,0.0,0.0,0.4263157894736841,0.0,0.0,0.0,0.0,0.0,0.4552631577065117,0.0,0.0,1.4789403479653629e-08,1.4789403479653629e-08,1.1092052609740222e-06,0.4552631578947369,0.0,1.109205249871792e-06,-0.0,-0.0,0.0,0.4552631573182973,0.0,-1.0902352746951278e-06,0.0,0.0,0.0,0.44084933431524964,0.0,0.0,24,24,1,0.035540526,35.540526,0.018976449966430664,18.976449966430664,16.56407603356934,900.0,3.948947333333334e-05
TP1,mpc,0,82,2018-12-01 20:30:00+00:00,32064,82,-10.47482967376709,-52.37414836883545,830.7967224700405,0.20769918061751014,7.610097977825571,0.0,0.0,0.4474632143974304,0.0,0.9736256003379822,1.0,0.980729341506958,0.0,0.0,True,True,False,0.0,optimal,134.32190125199395,0.018512964248657227,True,False,0,TP1,0.9743779897689819,1.0,0.8630844950675964,0.0,0.0,0.0,0.0,0.0,0.4263157894736841,0.0,0.0,0.0,0.0,0.0,0.4552631577065117,0.0,0.0,0.0,0.0,0.0,0.4552631578947369,0.0,0.0,0.0,0.0,0.0,0.4552631573182973,0.0,0.0,0.0,0.0,0.0,0.44084933431524964,0.0,0.0,24,24,1,0.034455004,34.455003999999995,0.018512964248657227,18.512964248657227,15.94203975134277,900.0,3.828333777777777e-05
TP1,mpc,0,83,2018-12-01 20:45:00+00:00,32064,83,-10.444377899169922,-52.22188949584961,828.3566555630841,0.20708916389077103,7.587746964957851,0.0,0.0,0.4463895559310913,0.0,0.9736673831939697,1.0,0.97785884141922,0.0,0.0,True,True,False,0.0,optimal,133.27256202401048,0.017375946044921875,True,False,0,TP1,0.9745017886161804,1.0,0.8586140275001526,0.0,0.0,0.0,0.0,0.0,0.4263157894736841,0.0,0.0,0.0,0.0,0.0,0.4552631577065117,0.0,0.0,0.0,0.0,0.0,0.4552631578947369,0.0,0.0,0.0,0.0,0.0,0.4552631573182973,0.0,0.0,0.0,0.0,0.0,0.44084933431524964,0.0,0.0,24,24,1,0.035421887,35.421887,0.017375946044921875,17.375946044921875,18.045940955078123,900.0,3.9357652222222224e-05
TP1,mpc,0,84,2018-12-01 21:00:00+00:00,32064,84,-10.133447647094727,-50.66723823547363,823.1601645522915,0.20579004113807287,7.350820269451963,0.0,0.0,0.44413912296295166,0.0,0.9738083481788635,1.0,0.9717556834220886,0.0,0.0,True,True,False,0.0,optimal,132.21478076606746,0.019494295120239258,True,False,0,TP1,0.9745423793792725,1.0,0.8552677035331726,0.0,0.0,0.0,0.0,0.0,0.4263157894736841,0.0,0.0,0.0,0.0,0.0,0.4552631577065117,0.0,0.0,0.0,0.0,0.0,0.4552631578947369,0.0,0.0,0.0,0.0,0.0,0.4552631573182973,0.0,0.0,0.0,0.0,0.0,0.44084933431524964,0.0,0.0,24,24,1,0.038434826,38.434826,0.019494295120239258,19.494295120239258,18.94053087976074,900.0,4.270536222222222e-05
TP1,mpc,0,85,2018-12-01 21:15:00+00:00,32064,85,-10.010462760925293,-50.052313804626465,813.181178754121,0.20329529468853025,7.2617079262743,0.0,0.0,0.438647985458374,0.0,0.9741195440292358,1.0,0.9600904583930969,0.0,0.0,True,True,False,0.0,optimal,131.21337651503558,0.01936960220336914,True,False,0,TP1,0.974750280380249,1.0,0.8474077582359314,0.0,0.0,0.0,0.0,0.0,0.4263157894736841,0.0,0.0,0.0,0.0,0.0,0.4552631577065117,0.0,0.0,0.0,0.0,0.0,0.4552631578947369,0.0,0.0,0.0,0.0,0.0,0.4552631573182973,0.0,0.0,0.0,0.0,0.0,0.44084933431524964,0.0,0.0,24,24,1,0.037081126,37.081126,0.01936960220336914,19.36960220336914,17.711523796630857,900.0,4.120125111111111e-05
TP1,mpc,0,86,2018-12-01 21:30:00+00:00,32064,86,-9.897696495056152,-49.48848247528076,804.0408679798929,0.20101021699497323,7.180084951060444,0.0,0.0,0.43352800607681274,0.0,0.9744136929512024,1.0,0.9492343068122864,0.0,0.0,True,True,False,0.0,optimal,130.27182286424744,0.02008342742919922,True,False,0,TP1,0.9750479459762573,1.0,0.8373340368270874,0.0,0.0,0.0,0.0,0.0,0.4263157894736841,0.0,0.0,0.0,0.0,0.0,0.4552631577065117,0.0,0.0,0.0,0.0,0.0,0.4552631578947369,0.0,0.0,0.0,0.0,0.0,0.4552631573182973,0.0,0.0,0.0,0.0,0.0,0.44084933431524964,0.0,0.0,24,24,1,0.038037024,38.037024,0.02008342742919922,20.08342742919922,17.953596570800784,900.0,4.226336e-05
TP1,mpc,0,87,2018-12-01 21:45:00+00:00,32064,87,-9.788318634033203,-48.941593170166016,795.1613995148819,0.19879034987872046,7.100791297667895,0.0,0.0,0.4286845326423645,0.0,0.9746556878089905,1.0,0.9387811422348022,0.0,0.0,True,True,False,0.0,optimal,129.4095969330416,0.01943039894104004,True,False,0,TP1,0.9752669334411621,1.0,0.8288735747337341,0.0,0.0,0.0,0.0,0.0,0.4263157894736841,0.0,0.0,0.0,0.0,0.0,0.4552631577065117,0.0,0.0,0.0,0.0,0.0,0.4552631578947369,0.0,0.0,0.0,0.0,0.0,0.4552631573182973,0.0,0.0,0.0,0.0,0.0,0.44084933431524964,0.0,0.0,24,24,1,0.036766035,36.766035,0.01943039894104004,19.43039894104004,17.335636058959963,900.0,4.085115e-05
TP1,mpc,0,88,2018-12-01 22:00:00+00:00,32064,88,-9.0570707321167,-45.285353660583496,788.8077545319447,0.19720193863298618,6.541188304456152,0.0,0.0,0.4257895350456238,0.0,0.9747820496559143,1.0,0.931304395198822,0.0,0.0,True,True,False,0.0,optimal,128.61592770440024,0.018538713455200195,True,False,0,TP1,0.9754686951637268,1.0,0.8199630379676819,0.0,0.0,0.0,0.0,0.0,0.4263157894736841,0.0,0.0,0.0,0.0,0.0,0.4552631577065117,0.0,0.0,0.0,0.0,0.0,0.4552631578947369,0.0,0.0,0.0,0.0,0.0,0.4552631573182973,0.0,0.0,0.0,0.0,0.0,0.44084933431524964,0.0,0.0,24,24,1,0.035369979,35.369979,0.018538713455200195,18.538713455200195,16.83126554479981,900.0,3.929997666666667e-05
TP1,mpc,0,89,2018-12-01 22:15:00+00:00,32064,89,-8.966618537902832,-44.83309268951416,780.8918848563735,0.19522297121409338,6.475545955171477,0.0,0.0,0.4218527674674988,0.0,0.9750090837478638,1.0,0.9219874739646912,0.0,0.0,True,True,False,0.0,optimal,128.08587476331792,0.02319645881652832,True,False,0,TP1,0.9756208658218384,1.0,0.8126163482666016,0.0,0.0,0.0,0.0,0.0,0.4263157894736841,0.0,0.0,0.0,0.0,0.0,0.4552631577065117,0.0,0.0,0.0,0.0,0.0,0.4552631578947369,0.0,0.0,0.0,0.0,0.0,0.4552631573182973,0.0,0.0,0.0,0.0,0.0,0.44084933431524964,0.0,0.0,24,24,1,0.044094476,44.094476,0.02319645881652832,23.19645881652832,20.89801718347168,900.0,4.8993862222222226e-05
TP1,mpc,0,90,2018-12-01 22:30:00+00:00,32064,90,-8.866731643676758,-44.33365821838379,772.1345714305698,0.19303364285764246,6.402925933588,0.0,0.0,0.41763657331466675,0.0,0.9752291440963745,1.0,0.91168212890625,0.0,0.0,True,True,False,0.0,optimal,127.60811513231067,0.017255783081054688,True,False,0,TP1,0.975822925567627,1.0,0.8041035532951355,0.0,0.0,0.0,0.0,0.0,0.4263157894736841,0.0,0.0,0.0,0.0,0.0,0.4552631577065117,0.0,0.0,0.0,0.0,0.0,0.4552631578947369,0.0,0.0,0.0,0.0,0.0,0.4552631573182973,0.0,0.0,0.0,0.0,0.0,0.44084933431524964,0.0,0.0,24,24,1,0.040276344,40.276344,0.017255783081054688,17.255783081054688,23.02056091894531,900.0,4.475149333333333e-05
TP1,mpc,0,91,2018-12-01 22:45:00+00:00,32064,91,-8.787224769592285,-43.936123847961426,765.1597232766107,0.1912899308191527,6.345087005271295,0.0,0.0,0.4143167734146118,0.0,0.97539883852005,1.0,0.9034740924835205,0.0,0.0,True,True,False,0.0,optimal,127.19468997143574,0.018327951431274414,True,False,0,TP1,0.9759725332260132,1.0,0.7965223789215088,0.0,0.0,0.0,0.0,0.0,0.4263157894736841,0.0,0.0,0.0,0.0,0.0,0.4552631577065117,0.0,0.0,0.0,0.0,0.0,0.4552631578947369,0.0,0.0,0.0,0.0,0.0,0.4552631573182973,0.0,0.0,0.0,0.0,0.0,0.44084933431524964,0.0,0.0,24,24,1,0.035927645,35.927645,0.018327951431274414,18.327951431274414,17.599693568725588,900.0,3.991960555555556e-05
TP1,mpc,0,92,2018-12-01 23:00:00+00:00,32064,92,-9.43191146850586,-47.1595573425293,758.9831263546785,0.18974578158866962,6.8441303419033135,0.0,0.0,0.4111858606338501,0.0,0.97556072473526,1.0,0.8962047100067139,0.0,0.0,True,True,False,0.0,optimal,126.84821239311712,0.02299809455871582,True,False,0,TP1,0.9761220812797546,1.0,0.789637565612793,0.0,0.0,0.0,0.0,0.0,0.4263157894736841,0.0,0.0,0.0,0.0,0.0,0.4552631577065117,0.0,0.0,0.0,0.0,0.0,0.4552631578947369,0.0,0.0,0.0,0.0,0.0,0.4552631573182973,0.0,0.0,0.0,0.0,0.0,0.44084933431524964,0.0,0.0,24,24,1,0.0381061,38.1061,0.02299809455871582,22.99809455871582,15.108005441284176,900.0,4.234011111111111e-05
TP1,mpc,0,93,2018-12-01 23:15:00+00:00,32064,93,-9.3526029586792,-46.763014793395996,752.5833163217612,0.1881458290804403,6.786420054931482,0.0,0.0,0.4078901410102844,0.0,0.975732147693634,1.0,0.8886721134185791,0.0,0.0,True,True,False,0.0,optimal,126.03218126836924,0.017893552780151367,True,False,0,TP1,0.9761973023414612,1.0,0.7843529582023621,0.0,0.0,0.0,0.0,0.0,0.4263157894736841,0.0,0.0,0.0,0.0,0.0,0.4552631577065117,0.0,0.0,0.0,0.0,0.0,0.4552631578947369,0.0,0.0,0.0,0.0,0.0,0.4552631573182973,0.0,0.0,0.0,0.0,0.0,0.44084933431524964,0.0,0.0,24,24,1,0.034802465,34.802465,0.017893552780151367,17.893552780151367,16.90891221984863,900.0,3.8669405555555554e-05
TP1,mpc,0,94,2018-12-01 23:30:00+00:00,32064,94,-9.28535270690918,-46.4267635345459,747.0929130931836,0.1867732282732959,6.736910343817783,0.0,0.0,0.40566855669021606,0.0,0.9758028388023376,1.0,0.8822135925292969,0.0,0.0,True,True,False,0.0,optimal,125.2775216819089,0.021967649459838867,True,False,0,TP1,0.9763247966766357,1.0,0.7782647609710693,0.0,0.0,0.0,0.0,0.0,0.4263157894736841,0.0,0.0,0.0,0.0,0.0,0.4552631577065117,0.0,0.0,0.0,0.0,0.0,0.4552631578947369,0.0,0.0,0.0,0.0,0.0,0.4552631573182973,0.0,0.0,0.0,0.0,0.0,0.44084933431524964,0.0,0.0,24,24,1,0.037317946,37.317946,0.021967649459838867,21.967649459838867,15.35029654016113,900.0,4.146438444444444e-05
TP1,mpc,0,95,2018-12-01 23:45:00+00:00,32064,95,-9.229866027832031,-46.149330139160156,742.5868930422439,0.18564672326056098,6.696277308008434,0.0,0.0,0.4036197066307068,0.0,0.9758662581443787,1.0,0.8769124150276184,0.0,0.0,True,True,False,0.0,optimal,124.62882071229919,0.018056869506835938,True,False,0,TP1,0.9763451814651489,1.0,0.7716625928878784,0.0,0.0,0.0,0.0,0.0,0.4263157894736841,0.0,0.0,0.0,0.0,0.0,0.4552631577065117,0.0,0.0,0.0,0.0,0.0,0.4552631578947369,0.0,0.0,0.0,0.0,0.0,0.4552631573182973,0.0,0.0,0.0,0.0,0.0,0.44084933431524964,0.0,0.0,24,24,1,0.033310809,33.310809,0.018056869506835938,18.056869506835938,15.25393949316406,900.0,3.701201e-05
