feeder,topology_case,episode_id,start_index,gat,gcn,mlp,tagconv
IEEE33,TP1,0,32064,363.50085302986326,349.1925947195673,364.340747685379,354.90948288449573
IEEE33,TP1,1,32160,295.2049630357208,280.68828075196865,295.8449610146694,287.4460882118347
IEEE33,TP1,2,32256,512.1511074902774,510.2001098455209,517.521914879484,510.023574974066
IEEE33,TP1,3,32352,594.6980093124897,576.4240250794703,595.2067568070696,585.3335171947534
IEEE33,TP1,4,32448,773.4710806286183,782.4042757935454,774.6194901318789,768.7104929491302
IEEE33,TP1,5,32544,1372.9523261828429,1378.6740813605963,1382.1506774261852,1378.1156213778006
IEEE33,TP1,6,32640,1226.3108798214175,1231.462046712587,1233.113618883736,1228.0686877381245
IEEE33,TP1,7,32736,696.6091754221507,692.9172224866987,689.4335281518479,689.5861683990491
IEEE33,TP1,8,32832,442.58314624402874,418.5594593660514,434.4920579399133,432.14325073246897
IEEE33,TP1,9,32928,695.9653578080209,682.0168589268006,699.8631086647497,684.8153882699222
IEEE33,TP1,10,33024,820.0960994721303,820.7442953787036,827.8270836739681,810.2085213211559
IEEE33,TP1,11,33120,879.1422373532687,881.0359087691808,880.2672990949274,870.7196048929778
IEEE33,TP1,12,33216,582.8692958651585,563.643600276404,580.873518601754,570.3572425519584
IEEE33,TP1,13,33312,784.881302326305,779.2673569834841,785.0616220992166,778.6197238629175
IEEE33,TP1,14,33408,376.6654384135641,369.45021335132645,378.5364358533547,370.2788671245592
IEEE33,TP1,15,33504,341.2520361219136,335.6581804231775,332.89506021988456,331.14736695103176
IEEE33,TP1,16,33600,564.0292395193295,566.4650758278099,570.2667550767693,562.8458569310104
IEEE33,TP1,17,33696,722.905651741834,721.2514274877275,721.2547896275559,717.8687307950971
IEEE33,TP1,18,33792,889.5100396605714,886.3844413527207,890.0341198945185,887.239779014692
IEEE33,TP1,19,33888,461.899940593612,457.795756810181,464.5849235773823,459.18392534323726
IEEE33,TP1,20,33984,431.9076352669067,431.9563541051339,435.9289705069918,430.44172243787216
IEEE33,TP1,21,34080,301.77126222650094,301.73543725898634,305.42989158500774,300.9241230796385
IEEE33,TP1,22,34176,240.15632436062523,238.6056050909758,243.37179144093227,238.7398680441493
IEEE33,TP1,23,34272,617.8357741248368,617.9498831644439,612.7506823198634,611.8788992291057
IEEE33,TP1,24,34368,699.5676155543651,700.8537364666381,698.080198844531,692.4810845899427
IEEE33,TP1,25,34464,895.5754521154244,895.5138106179162,898.4770656290189,895.07720502582
IEEE33,TP1,26,34560,522.3881040228558,519.3057020335831,527.9963392369149,519.9710088668832
IEEE33,TP1,27,34656,413.7459112216877,413.8178582424735,417.4378028732945,412.50114637542293
IEEE33,TP1,28,34752,347.537125124449,350.44894153523734,346.81286396179894,344.772026866907
IEEE33,TP1,29,34848,378.1635175685148,379.2630946083286,379.5817623933504,377.7014903354643
IEEE33,TP1,30,34944,479.0045353548062,493.1267079991944,485.4322607444149,473.03015489718194
IEEE33,TP2,0,32064,361.75750309030536,347.75228814380154,362.1727272392863,353.24034197312676
IEEE33,TP2,1,32160,293.6292019590174,280.0047279409362,294.51664395566917,286.0456757120781
IEEE33,TP2,2,32256,509.5465715986656,507.21008178134633,512.9328164796277,507.33008190014834
IEEE33,TP2,3,32352,590.0913486711743,571.6655373382933,590.1244418458333,581.3253540646723
IEEE33,TP2,4,32448,768.2025920356127,776.9586289050754,768.7549035527642,763.725085897112
IEEE33,TP2,5,32544,1364.5349780443673,1369.7206637350635,1372.4166435861553,1369.520315353526
IEEE33,TP2,6,32640,1218.5210500165022,1223.892830868439,1224.4875324668758,1219.886298908451
IEEE33,TP2,7,32736,693.1564926124632,689.7134486611253,685.6007194186808,686.733656735027
IEEE33,TP2,8,32832,439.3230927515279,416.96936500158364,432.5843834489271,430.2294209090417
IEEE33,TP2,9,32928,692.1438598579965,676.7058845263105,694.648194750164,681.7497262096607
IEEE33,TP2,10,33024,815.9890094647404,814.7303633491196,819.5541182289995,804.6661030779583
IEEE33,TP2,11,33120,873.7603571948479,875.971984581521,873.5853386488369,866.7527075991206
IEEE33,TP2,12,33216,578.8296861212151,559.7092103978865,575.3096053678003,566.8016682056605
IEEE33,TP2,13,33312,779.9065227857174,775.1610020577755,780.1189707395115,774.3297996668151
IEEE33,TP2,14,33408,375.0909800614609,367.71255243632527,376.0047595554128,368.26774687761286
IEEE33,TP2,15,33504,340.09617550246946,334.9916880714705,331.1791578266107,330.5940730103386
IEEE33,TP2,16,33600,561.277651634977,563.5094024058684,565.8295356226881,559.7757367215945
IEEE33,TP2,17,33696,718.5316099156512,717.4409201823759,715.6283062035872,714.5881760665276
IEEE33,TP2,18,33792,884.1296821403284,881.9500277862211,884.0556747847864,881.7754774542005
IEEE33,TP2,19,33888,458.06380580826993,455.22896763717154,460.38032974147524,456.856248521602
IEEE33,TP2,20,33984,428.2109807788983,429.5569004937326,431.90975049443387,427.9719421162854
IEEE33,TP2,21,34080,300.4162781779339,300.7411433847307,303.950731877509,299.79553543308805
IEEE33,TP2,22,34176,239.761931170655,238.0173244037002,242.57554144967423,237.79492426506772
IEEE33,TP2,23,34272,614.0027342107358,613.5786106434596,608.3048078162295,608.1952151151341
IEEE33,TP2,24,34368,695.0591063709948,696.7039179978925,693.4862826991927,688.2944666692628
IEEE33,TP2,25,34464,890.2013433425573,889.9939380200348,892.6992897942869,889.4478482646203
IEEE33,TP2,26,34560,519.0676775891073,516.2258807419196,522.4197053815109,516.4162805927098
IEEE33,TP2,27,34656,409.5447457665177,410.46311538711603,413.06576725356757,409.99393683496356
IEEE33,TP2,28,34752,346.1632952625664,348.61176421605774,345.6680889882791,343.205818776202
IEEE33,TP2,29,34848,376.90915263494344,377.86014700758807,377.6500504630889,376.2588733666426
IEEE33,TP2,30,34944,472.64004730612965,489.7904554293577,479.68585504444746,471.30440817627226
IEEE33,TP3,0,32064,363.573792334085,353.73786141880663,363.94628037226107,359.20309617644307
IEEE33,TP3,1,32160,295.05540667128224,285.6516939791225,295.80167209736436,291.2814764008444
IEEE33,TP3,2,32256,512.5968739307017,513.4693650264359,516.4948415200823,514.2412258698944
IEEE33,TP3,3,32352,593.3030907286845,578.8537337349504,594.0919013162202,590.340282096928
IEEE33,TP3,4,32448,770.6090168926879,781.1914785708117,773.2023156014038,768.6486615510145
IEEE33,TP3,5,32544,1370.723062615887,1376.6181319353138,1379.8877701018475,1376.0046979005003
IEEE33,TP3,6,32640,1225.6534922752192,1229.6099818442651,1230.906081775797,1227.4823823337094
IEEE33,TP3,7,32736,694.4972584878687,691.5925258051607,688.3679462683364,691.2721398892077
IEEE33,TP3,8,32832,440.4179884811969,422.0303640703407,433.8864201751607,434.14380934294286
IEEE33,TP3,9,32928,693.8806199434044,684.2552225864301,699.3969497378445,689.9936644678161
IEEE33,TP3,10,33024,821.4918231429662,821.2430918743439,826.8183496153939,812.5870895277097
IEEE33,TP3,11,33120,877.522734200411,881.8145802730754,878.8467920915697,873.1188594395626
IEEE33,TP3,12,33216,580.1931470663839,568.2097002252176,579.8254511041496,573.902855308136
IEEE33,TP3,13,33312,783.9998108636931,778.8373387741259,783.8673925852742,776.6180938474168
IEEE33,TP3,14,33408,374.3293733566879,372.8585026665842,377.7866911375924,374.9618806249326
IEEE33,TP3,15,33504,339.36238304222485,341.6119443169984,332.5212518841395,334.5567333540696
IEEE33,TP3,16,33600,566.2080080946399,567.8529359307155,569.2842800280491,566.0003030023456
IEEE33,TP3,17,33696,722.7958892282468,720.4494705706206,719.7912376752647,718.1708255197067
IEEE33,TP3,18,33792,888.2399652597982,883.5969393669617,888.8077212609923,886.6702256698677
IEEE33,TP3,19,33888,461.0862217151223,461.66463225233696,463.7444406901646,463.343288419458
IEEE33,TP3,20,33984,430.37549134679756,435.4105068926936,435.0319821730506,434.5753775722253
IEEE33,TP3,21,34080,301.20627635127875,302.69896184909726,305.05295694037574,304.9137032293493
IEEE33,TP3,22,34176,239.81344814980412,239.683101922043,243.39006892284155,242.5129295792681
IEEE33,TP3,23,34272,617.0240954059028,617.3413380166257,611.780117545214,609.6276488426653
IEEE33,TP3,24,34368,698.0262714618889,700.8151918603802,697.1624873841562,692.8893884910152
IEEE33,TP3,25,34464,894.7417655536791,892.342753674848,897.4886128182908,894.202857536523
IEEE33,TP3,26,34560,520.5523306173505,522.9796148268034,527.0077599267433,525.0711132674306
IEEE33,TP3,27,34656,411.4036705562475,416.88906959236164,416.310684414033,417.47957856332124
IEEE33,TP3,28,34752,346.6442168719177,349.5617136004267,346.41770954673535,343.5296848097776
IEEE33,TP3,29,34848,377.28880006298095,379.02375228434283,379.134052565148,375.77125066318507
IEEE33,TP3,30,34944,475.71168395809946,493.14368509564457,483.9431050549702,477.9162771005478
IEEE33,TP4,0,32064,360.77741838599167,346.9193669493902,361.4169009421717,357.40891747829545
IEEE33,TP4,1,32160,292.9345047271153,280.114135092681,293.9280552953134,289.44088998422
IEEE33,TP4,2,32256,509.45800881896935,506.68006087207374,511.56297750729544,509.78107318230246
IEEE33,TP4,3,32352,588.5875482360669,570.4720498113402,587.0801075063102,586.0252921387593
IEEE33,TP4,4,32448,765.0917612061875,773.7938091294715,765.9520289332105,764.8415701794567
IEEE33,TP4,5,32544,1360.0931550109865,1365.4957039915873,1368.0950461004284,1365.5946012609713
IEEE33,TP4,6,32640,1214.9138559502007,1220.2318882888253,1220.2807847588997,1217.6165956810044
IEEE33,TP4,7,32736,691.835449424217,688.2055717285833,683.8333023565332,687.9553848033851
IEEE33,TP4,8,32832,438.21077300853557,417.254525114411,431.5753437801016,432.81184529783826
IEEE33,TP4,9,32928,690.5923883315116,675.6196814650265,691.4961867448284,685.1261942325723
IEEE33,TP4,10,33024,814.8355492887049,810.9483879765577,815.3174883747633,806.0699207463396
IEEE33,TP4,11,33120,870.8469082909845,873.9323627415257,870.7744282356163,865.9542651219468
IEEE33,TP4,12,33216,577.420795139043,560.3298829875058,573.2938662082543,571.079663226028
IEEE33,TP4,13,33312,776.9986882901759,774.4741071878183,777.2155177579649,770.9485182255172
IEEE33,TP4,14,33408,374.0520544448961,367.27967390140947,374.9797429162265,372.9653265052022
IEEE33,TP4,15,33504,339.8912006142776,337.23469864164537,330.77679974214055,333.4511515994399
IEEE33,TP4,16,33600,561.6752653828216,563.8195106171037,563.1917009405076,562.5798576017208
IEEE33,TP4,17,33696,716.4552531707442,716.4123627427008,712.5762584326353,711.7510664693959
IEEE33,TP4,18,33792,881.3962143197764,879.6672475591635,880.9446410035571,878.8562684192302
IEEE33,TP4,19,33888,456.73521107932964,454.59928793159446,458.51693177089186,459.97467583239614
IEEE33,TP4,20,33984,426.913928657624,428.5264735303892,430.13880693681745,431.3812759888082
IEEE33,TP4,21,34080,299.4425581654337,299.59319270893724,303.38498269316614,303.30233653287513
IEEE33,TP4,22,34176,238.87546705323655,237.7142429176334,242.05993062835975,240.3724861385427
IEEE33,TP4,23,34272,612.1693165637971,612.0465626587969,606.3031684454795,604.8567808238276
IEEE33,TP4,24,34368,692.7286463549116,695.4908801890019,691.3600629375456,687.2621221927185
IEEE33,TP4,25,34464,887.4122142719148,887.5652782519451,890.0139273567174,886.7383345755626
IEEE33,TP4,26,34560,517.6667928601847,515.5482073410797,520.096169179361,520.9200577590419
IEEE33,TP4,27,34656,408.90816866525967,410.40686228724763,411.46586669619245,413.97733497709095
IEEE33,TP4,28,34752,345.4649566826306,347.7616720869584,345.202533530871,342.10885225687645
IEEE33,TP4,29,34848,375.9215818950586,377.19501940619983,376.66611603732144,373.76128693302843
IEEE33,TP4,30,34944,471.9422702561524,488.8527871542868,477.0597132103626,474.16493958663733
IEEE33,TP5,0,32064,367.34724039899726,353.0410882025206,363.820076125711,356.61698139994513
IEEE33,TP5,1,32160,298.08602813388444,284.84639909387244,295.65236287340775,289.06341489881675
IEEE33,TP5,2,32256,517.0608241188189,510.81514241139257,516.3355166297141,509.3737684036189
IEEE33,TP5,3,32352,598.6325098266065,578.9681449812656,593.5580631252009,584.6717722277964
IEEE33,TP5,4,32448,775.6478503910944,782.1512348058283,773.5467362574645,776.6362975074563
IEEE33,TP5,5,32544,1372.6361645114164,1375.9016597660686,1380.9118538457178,1373.8613992504131
IEEE33,TP5,6,32640,1224.3994954531997,1228.6654612589537,1232.0276852822672,1225.2391054737607
IEEE33,TP5,7,32736,697.2559874944794,690.2458715203032,688.8639966306984,693.3729375065426
IEEE33,TP5,8,32832,443.1000764281759,421.99392419289234,434.0910172674624,431.8853068495618
IEEE33,TP5,9,32928,694.3855430548195,683.4973044119826,696.8050006294475,678.2447479770268
IEEE33,TP5,10,33024,817.7464706255886,819.626021327463,823.306539181301,804.1335928982277
IEEE33,TP5,11,33120,880.9565918770408,880.2824808090212,879.030759698161,875.9477655590313
IEEE33,TP5,12,33216,586.0807820313183,568.9462433902023,579.5601161221804,568.5112013490849
IEEE33,TP5,13,33312,782.9901284075426,779.4570408607727,784.3272106444457,786.2042072408561
IEEE33,TP5,14,33408,380.9984468550154,367.9277003197646,377.87307200958975,370.9358419068864
IEEE33,TP5,15,33504,339.4611083135858,336.09671541065376,332.59264007503134,333.78415329718547
IEEE33,TP5,16,33600,570.0213678538257,564.6290845626767,569.476455733548,564.7407836396235
IEEE33,TP5,17,33696,725.333923940113,723.6398271180357,719.8575031673422,716.3074389663624
IEEE33,TP5,18,33792,887.4530999223947,885.0897449333846,888.9401188501884,885.687817085682
IEEE33,TP5,19,33888,465.0384903382913,457.7804686610331,463.4067662081099,456.48948200555986
IEEE33,TP5,20,33984,434.2556277073286,433.11664299644536,434.62255120818804,428.0308836758038
IEEE33,TP5,21,34080,306.93431576933153,303.6889647769987,305.0445403105382,297.17716617855973
IEEE33,TP5,22,34176,243.44341919456954,241.75151344473878,243.17312502060574,235.26011735023346
IEEE33,TP5,23,34272,614.8173023944524,615.7095326531847,611.9718284349884,615.6789157974562
IEEE33,TP5,24,34368,698.8767413293657,699.5596892779955,697.0578463425268,695.2468373441151
IEEE33,TP5,25,34464,893.2229510850635,893.8499967183024,897.7690157952937,893.2228970278508
IEEE33,TP5,26,34560,528.6326223858176,519.6617749602332,526.6383462003746,519.5138039066546
IEEE33,TP5,27,34656,416.28693761422136,413.9335456867996,416.5784551742029,408.93781505750434
IEEE33,TP5,28,34752,346.36084318605225,350.15130207677976,346.5279443568831,345.22090592368414
IEEE33,TP5,29,34848,377.9122329805336,378.04797777187486,379.4185812606739,377.8973132180434
IEEE33,TP5,30,34944,478.5484422301009,491.457283001937,484.41213347992743,473.8801563990673
IEEE33,TP6,0,32064,366.57888931450844,354.5833479417049,364.73613766055377,355.2138539970794
IEEE33,TP6,1,32160,296.2060976337404,285.8125742973217,296.2759021140517,287.78682964731235
IEEE33,TP6,2,32256,515.7080821382484,513.7663385872457,518.0494653283174,506.25192055920434
IEEE33,TP6,3,32352,594.8858389098369,581.166157120642,594.9317698231815,579.2848569535191
IEEE33,TP6,4,32448,776.5002593994271,785.0868259462815,774.8465700945707,775.5255412397449
IEEE33,TP6,5,32544,1376.2264816391182,1380.5433427501712,1385.550425355467,1377.23365053374
IEEE33,TP6,6,32640,1228.1410866719732,1231.6070401562001,1235.1479827170742,1225.3495753391571
IEEE33,TP6,7,32736,698.2485362064808,692.5745838655321,690.936520902047,691.3357115224604
IEEE33,TP6,8,32832,443.77102271293023,420.9351701388341,435.093658469466,429.2778047162519
IEEE33,TP6,9,32928,692.0817760665019,684.0013614565282,699.9746999484131,676.7083553590595
IEEE33,TP6,10,33024,813.1649592867562,821.2888041641063,827.8550252306399,801.0063436898719
IEEE33,TP6,11,33120,880.9577930105437,881.9426189405012,881.3513160735379,871.2414122289892
IEEE33,TP6,12,33216,584.4917862408998,567.4212173493787,581.1337543577492,564.3415671092431
IEEE33,TP6,13,33312,785.0082910398284,780.9968139402232,785.8092478033345,785.0193467071462
IEEE33,TP6,14,33408,380.383373208263,370.5907178227025,379.10265924692067,370.5821451584572
IEEE33,TP6,15,33504,338.20234912874747,337.2924143480541,333.9313885424265,332.2446229357378
IEEE33,TP6,16,33600,565.6602121906794,566.090961639785,569.8639056858834,561.8042868388083
IEEE33,TP6,17,33696,722.7496460320796,723.1037747012551,721.1274551881997,713.8676019193422
IEEE33,TP6,18,33792,889.3884959613315,886.1189416998441,891.4117429006907,887.2168896976547
IEEE33,TP6,19,33888,463.5521943878746,461.1958976153899,463.9679950386196,453.39446456257497
IEEE33,TP6,20,33984,431.8652242220485,434.4697207753906,435.5253288015206,424.7037820118932
IEEE33,TP6,21,34080,306.7364326030805,303.31513060870594,305.972806204104,298.00395067386944
IEEE33,TP6,22,34176,242.78831932840248,241.26189843490738,243.63456144334847,236.00310440292478
IEEE33,TP6,23,34272,615.404924024375,618.5466494068559,612.8994927485552,614.3957814953889
IEEE33,TP6,24,34368,699.0477061809094,701.1148175715683,698.9823204463997,695.706504507693
IEEE33,TP6,25,34464,895.7674439703127,895.4095789304897,900.4805571818343,896.2959394601759
IEEE33,TP6,26,34560,526.0926902694229,522.2889757436486,527.8275319560903,514.5411833734591
IEEE33,TP6,27,34656,414.9570541992644,416.3906041128028,417.8389225192088,406.8783598370524
IEEE33,TP6,28,34752,346.9110371913955,351.45495673540216,347.269090594207,343.912252522782
IEEE33,TP6,29,34848,378.3708508831177,379.2138168569025,380.3969915228943,378.30656169064724
IEEE33,TP6,30,34944,480.2647307392001,493.2018920156308,486.58009807624074,473.7626064955957
IEEE33,TP7,0,32064,364.1151919121897,348.3874460774246,363.01329242004357,355.87830060195193
IEEE33,TP7,1,32160,295.56899185649837,280.4149805251888,295.11143341079725,288.9401447224953
IEEE33,TP7,2,32256,512.7464772353586,507.79015443414374,514.9891948258886,509.21437292080344
IEEE33,TP7,3,32352,593.5565701561046,573.9995944600939,592.5010787016599,587.5796323601963
IEEE33,TP7,4,32448,771.5745073938712,781.6442271140244,771.5605255264658,765.7685815998884
IEEE33,TP7,5,32544,1368.5250792143186,1373.782197222051,1376.8680580890361,1373.3050645852845
IEEE33,TP7,6,32640,1222.270759439473,1227.0099438331188,1228.2219391723434,1225.8470364991254
IEEE33,TP7,7,32736,695.4548054506864,691.2588960488051,687.1867925940987,688.5813208482217
IEEE33,TP7,8,32832,439.97155601657624,419.8166489540688,433.4799711629562,432.09212342289703
IEEE33,TP7,9,32928,694.4203621167062,679.8797899198545,697.5887082081441,687.8110660596188
IEEE33,TP7,10,33024,820.1291759950005,816.8859672331233,823.9031238387043,807.4265971144982
IEEE33,TP7,11,33120,877.7159336645474,879.6247126965359,876.8452312693086,870.7951860490685
IEEE33,TP7,12,33216,580.3517653196565,562.5495777094288,577.8413428821415,571.7488001177857
IEEE33,TP7,13,33312,782.6808015421585,778.8839327776165,782.5848423461233,778.0422744153016
IEEE33,TP7,14,33408,377.62577436728407,368.62044899185594,376.9820207610637,370.85117584854305
IEEE33,TP7,15,33504,339.8461256015633,337.5923161425544,331.9364078891606,333.4599423036056
IEEE33,TP7,16,33600,566.4749577340117,564.1760394620445,568.1914811309166,560.1856031850169
IEEE33,TP7,17,33696,723.2977451193309,719.6883432103301,718.1251663196027,717.0173882933533
IEEE33,TP7,18,33792,886.1802778574205,885.0665730794391,886.9653693736153,882.7544101410225
IEEE33,TP7,19,33888,460.8063287946977,452.98239474214034,462.47227868159825,458.17014713406985
IEEE33,TP7,20,33984,430.55518392458794,428.7222628283319,433.5869774023602,429.8257516965993
IEEE33,TP7,21,34080,302.22402217628246,304.0659559183019,304.4223794845564,300.3487158266114
IEEE33,TP7,22,34176,240.74908235098962,240.65048268590672,243.01319262928914,237.8221748174087
IEEE33,TP7,23,34272,615.6403587520261,614.6672567227837,610.5244140047611,610.811542682419
IEEE33,TP7,24,34368,697.9566504074156,698.776151825476,695.9218463545118,691.7318876568015
IEEE33,TP7,25,34464,891.8725479321865,893.0213084615712,895.4003340658743,891.3305990241597
IEEE33,TP7,26,34560,523.4266398599317,516.432167453771,525.1968026855856,519.9859483245269
IEEE33,TP7,27,34656,411.3275644308421,410.79144309657187,414.8415908894887,411.60980173078815
IEEE33,TP7,28,34752,346.79808218127613,349.4648215971899,346.0911854026978,344.79182281814036
IEEE33,TP7,29,34848,377.3517370535665,378.14465469512373,378.4687984307514,377.5573679001538
IEEE33,TP7,30,34944,476.9312374542811,492.87916792599714,482.1699279919694,473.65910285140126
IEEE69,TP1,0,32064,1114.080090065758,1114.500670821634,1100.4928718023327,1110.1737717474714
IEEE69,TP1,1,32160,888.1997196040951,905.1106853254255,878.4707834761763,889.0308782182373
IEEE69,TP1,2,32256,1447.4301205362108,1458.8103785503636,1464.3388569449069,1455.7261496052295
IEEE69,TP1,3,32352,1659.721773493424,1671.9104933393526,1678.0699858703701,1669.532434252066
IEEE69,TP1,4,32448,2052.584699707754,2064.06258068633,2076.21355717945,2061.738378606831
IEEE69,TP1,5,32544,2786.2137796762668,2780.404983729471,2786.869213968174,2781.7204284553645
IEEE69,TP1,6,32640,2515.445873571652,2514.771405631,2522.6935540795726,2519.087872777256
IEEE69,TP1,7,32736,1836.5764139232022,1838.9073893193088,1848.8481986998677,1835.4469029730396
IEEE69,TP1,8,32832,1250.1062214666024,1273.5714207414069,1273.8382236717844,1256.192420583143
IEEE69,TP1,9,32928,1964.1263094540884,1980.3653232667377,1986.3566931329503,1977.2712929621305
IEEE69,TP1,10,33024,2268.943764823044,2281.3878192634106,2285.5734926704977,2279.4668834825857
IEEE69,TP1,11,33120,2280.2588522043493,2282.6672662949436,2282.1548275547784,2280.5369250660046
IEEE69,TP1,12,33216,1667.0781785804866,1669.5327865184518,1674.7575968632448,1671.8015339690212
IEEE69,TP1,13,33312,1870.7532522682511,1883.1050303904956,1904.9326220489713,1885.5125589406841
IEEE69,TP1,14,33408,1062.244191768122,1072.4085115009536,1059.2355595826086,1060.0936594105476
IEEE69,TP1,15,33504,1117.7618743381274,1121.6386017249695,1123.1422163242353,1121.7731375061328
IEEE69,TP1,16,33600,1618.6570145308206,1629.7935616665766,1639.8884555749848,1629.5968954605323
IEEE69,TP1,17,33696,1891.8964952102008,1907.04563662107,1919.0985853755358,1905.2294220979345
IEEE69,TP1,18,33792,1962.8274847428286,1970.9290241354718,1983.626938430478,1970.9298533530657
IEEE69,TP1,19,33888,1293.1089639952681,1301.2255110102558,1308.802159521754,1301.1344540181176
IEEE69,TP1,20,33984,1266.9209694234357,1269.4607687537289,1273.4964766494675,1271.672075449729
IEEE69,TP1,21,34080,918.9685264307691,923.9211280011071,924.5147176239758,921.6781486294843
IEEE69,TP1,22,34176,707.1814698933318,733.7972513775491,728.619433962252,714.1789984157111
IEEE69,TP1,23,34272,1640.458354077592,1650.6552790409835,1662.3512141054628,1652.2788665810785
IEEE69,TP1,24,34368,1766.587156614178,1772.8126015088199,1774.092041934181,1771.9707307829124
IEEE69,TP1,25,34464,1963.8693291836507,1973.3029593769086,1986.75790008068,1977.9592237723173
IEEE69,TP1,26,34560,1514.9352166039716,1528.9446652154413,1538.4673699104542,1527.862456036418
IEEE69,TP1,27,34656,1178.8079391343217,1184.9137473129379,1192.7356832275264,1187.4554247558215
IEEE69,TP1,28,34752,930.1861964674432,933.958035443817,940.1292167869228,939.1439104386386
IEEE69,TP1,29,34848,947.2546624129801,951.5671649354189,960.8503299692007,954.2472770853929
IEEE69,TP1,30,34944,1408.4552005861697,1417.7879983319508,1427.9657887675694,1420.9969974179114
IEEE69,TP2,0,32064,1111.7164430069058,1114.4702980991635,1100.5428910455018,1109.426732076888
IEEE69,TP2,1,32160,886.0207880298348,905.8526931862319,878.5111081077281,887.5175084667304
IEEE69,TP2,2,32256,1448.371437845987,1459.4049156077756,1464.405533894071,1456.184027413428
IEEE69,TP2,3,32352,1660.5990569263856,1672.7546735006533,1678.146386750814,1669.8010840197046
IEEE69,TP2,4,32448,2053.558749380733,2064.8435500531127,2076.2973652476626,2063.0722592118327
IEEE69,TP2,5,32544,2786.664233425141,2781.83983322798,2787.0843153727424,2782.920993385829
IEEE69,TP2,6,32640,2515.892000044411,2515.9513441689487,2522.8930993208933,2520.2016588987376
IEEE69,TP2,7,32736,1837.1200613304154,1839.7790562994257,1848.9840187425737,1836.5351724018585
IEEE69,TP2,8,32832,1250.945361846884,1275.7127132635262,1274.2284584317956,1257.7923106945848
IEEE69,TP2,9,32928,1964.3194189131875,1981.2431264444429,1986.503791745815,1977.6330256036806
IEEE69,TP2,10,33024,2269.7704294440805,2282.3492196207108,2285.7387485054896,2280.0532808705975
IEEE69,TP2,11,33120,2280.6224973042467,2284.4266125256013,2282.2905671786034,2281.987332162262
IEEE69,TP2,12,33216,1667.7855880516302,1670.4097101471705,1674.8176672954587,1673.111270283978
IEEE69,TP2,13,33312,1871.8074066552997,1884.220175493755,1905.0487684058292,1887.0312392331482
IEEE69,TP2,14,33408,1060.5803786323174,1072.7843428370654,1059.31327406561,1059.8112232547471
IEEE69,TP2,15,33504,1117.9217622022475,1122.2554098517712,1123.1861242362331,1120.8488698684457
IEEE69,TP2,16,33600,1620.1226020079846,1630.6672891455246,1639.9752210597208,1630.0313139805976
IEEE69,TP2,17,33696,1891.9894594806694,1907.9537453513728,1919.1857080935285,1906.027325650032
IEEE69,TP2,18,33792,1964.3011376888526,1972.0978861419624,1983.7208365252638,1971.9338283695095
IEEE69,TP2,19,33888,1293.8997923503573,1301.8086684261923,1308.8567936716709,1301.4838907760807
IEEE69,TP2,20,33984,1267.3130758146588,1270.0264314180279,1273.555143358272,1272.1255398850124
IEEE69,TP2,21,34080,917.5840161539901,924.4830578111322,924.5689771296771,920.7886201863747
IEEE69,TP2,22,34176,705.6353372150137,734.4573759123667,728.6589318325344,712.813206804773
IEEE69,TP2,23,34272,1640.852555707895,1651.7499524327038,1662.4427816126583,1653.3327115378586
IEEE69,TP2,24,34368,1766.5169733782413,1773.563469292584,1774.186960358904,1773.1894390825644
IEEE69,TP2,25,34464,1965.143948730066,1974.1611894278751,1986.8724280973636,1978.2099940786522
IEEE69,TP2,26,34560,1515.7350257757719,1529.703845436089,1538.5274895525247,1527.8198217642505
IEEE69,TP2,27,34656,1179.5677545865678,1185.4303344798066,1192.7878932000024,1188.0478840586793
IEEE69,TP2,28,34752,930.651804331423,934.4253074488865,940.1961318472742,939.5946790783282
IEEE69,TP2,29,34848,947.4457906584539,952.3530600030568,960.9105131819864,954.5134942547402
IEEE69,TP2,30,34944,1408.9043102448356,1418.4935745230641,1428.083792360039,1422.1520033791674
IEEE69,TP3,0,32064,1114.07902110034,1114.4995074190895,1100.491543334664,1110.1724194021128
IEEE69,TP3,1,32160,888.1988259719777,905.1094658506522,878.4692505669909,889.0297339037412
IEEE69,TP3,2,32256,1447.4288958780062,1458.8089317523638,1464.337266256983,1455.7246050462563
IEEE69,TP3,3,32352,1659.7201347265411,1671.9085564508223,1678.0686369273706,1669.5307089381147
IEEE69,TP3,4,32448,2052.582589295161,2064.060286124457,2076.2120868383813,2061.7361360301875
IEEE69,TP3,5,32544,2786.2109528983838,2780.40195090564,2786.8659636587886,2781.717427871481
IEEE69,TP3,6,32640,2515.443350287248,2514.768120490119,2522.690477101482,2519.0848570349062
IEEE69,TP3,7,32736,1836.5746118273848,1838.9055081448425,1848.8469390963744,1835.4446313609217
IEEE69,TP3,8,32832,1250.1047797044487,1273.568085253651,1273.825152026119,1256.1908141618303
IEEE69,TP3,9,32928,1964.1243220500462,1980.3630021310255,1986.3544275818556,1977.269163634989
IEEE69,TP3,10,33024,2268.9416198011018,2281.38523837892,2285.570940622564,2279.4643753685123
IEEE69,TP3,11,33120,2280.256764250658,2282.6646705442367,2282.1525103073286,2280.5345880388063
IEEE69,TP3,12,33216,1667.0767681582165,1669.5310953463093,1674.756065771052,1671.7997295839357
IEEE69,TP3,13,33312,1870.7515748374988,1883.1030102385857,1904.9311554220883,1885.5105292444969
IEEE69,TP3,14,33408,1062.2430408989037,1072.4076059975093,1059.2342648925428,1060.0925997562574
IEEE69,TP3,15,33504,1117.76091609349,1121.6375830814352,1123.1414769949768,1121.7720226193112
IEEE69,TP3,16,33600,1618.6556776576438,1629.7919708100897,1639.8868353100368,1629.5952874637314
IEEE69,TP3,17,33696,1891.8946518731427,1907.0435681123154,1919.097147428748,1905.227397804638
IEEE69,TP3,18,33792,1962.82541501565,1970.9270054686087,1983.625292822195,1970.9279729675109
IEEE69,TP3,19,33888,1293.107734638037,1301.2241462399868,1308.8009683687499,1301.1331636587765
IEEE69,TP3,20,33984,1266.9196784209828,1269.4592328294254,1273.4951815921213,1271.6707901656146
IEEE69,TP3,21,34080,918.9678191861188,923.9204135684955,924.5136843084653,921.6771890114319
IEEE69,TP3,22,34176,707.1808096414024,733.796299603966,728.6182638355214,714.178109817748
IEEE69,TP3,23,34272,1640.456542148501,1650.6534701918217,1662.3497214905794,1652.277112357386
IEEE69,TP3,24,34368,1766.584869281207,1772.8107533865143,1774.0901822868734,1771.9688184871763
IEEE69,TP3,25,34464,1963.8676498610419,1973.3010460794087,1986.7555715436174,1977.9571137779687
IEEE69,TP3,26,34560,1514.9338283528093,1528.9429848366315,1538.4658956426476,1527.8609177959818
IEEE69,TP3,27,34656,1178.8068098205451,1184.9124467396098,1192.734588575029,1187.4542333486313
IEEE69,TP3,28,34752,930.1853040678984,933.957096230716,940.1283739931532,939.142997422539
IEEE69,TP3,29,34848,947.2535906964135,951.5661734206711,960.8495118222019,954.2461265503563
IEEE69,TP3,30,34944,1408.453553320164,1417.7865369314886,1427.9642297132752,1420.995464770329
IEEE69,TP4,0,32064,1111.715403555208,1114.4691286530706,1100.5415678183178,1109.4254125493926
IEEE69,TP4,1,32160,886.0197538418814,905.851717385649,878.5096318680753,887.5164037329077
IEEE69,TP4,2,32256,1448.3701205584614,1459.403502406906,1464.4042529207945,1456.1825193979912
IEEE69,TP4,3,32352,1660.5977440415036,1672.752780777774,1678.1450175368602,1669.799399837916
IEEE69,TP4,4,32448,2053.556532798063,2064.8412384432845,2076.296005772847,2063.069988647047
IEEE69,TP4,5,32544,2786.6612724692927,2781.8368651198325,2787.0810672311395,2782.9179617732843
IEEE69,TP4,6,32640,2515.8891774512413,2515.948185382593,2522.890015547285,2520.1986372016927
IEEE69,TP4,7,32736,1837.118260845352,1839.7771293652158,1848.9827661814463,1836.5328784076464
IEEE69,TP4,8,32832,1250.9438802746638,1275.7090010737493,1274.2252305777786,1257.7908100900293
IEEE69,TP4,9,32928,1964.3174251108812,1981.2408184433034,1986.5015570387352,1977.630944284855
IEEE69,TP4,10,33024,2269.76821363915,2282.3465638233683,2285.7361862418547,2280.0507552680724
IEEE69,TP4,11,33120,2280.620338964192,2284.42423167178,2282.288248549714,2281.9849851922845
IEEE69,TP4,12,33216,1667.784097464764,1670.4079691009158,1674.8161427839577,1673.1094917439048
IEEE69,TP4,13,33312,1871.8058194579128,1884.2180090278205,1905.047302039572,1887.0292056017697
IEEE69,TP4,14,33408,1060.5789515928025,1072.7829979679861,1059.3119716449794,1059.8102446259893
IEEE69,TP4,15,33504,1117.9208044508314,1122.2543104695453,1123.1853823325257,1120.8478015212931
IEEE69,TP4,16,33600,1620.121246001031,1630.665666160936,1639.9734749722666,1630.029699562783
IEEE69,TP4,17,33696,1891.987642551685,1907.951853687523,1919.1842628461618,1906.025300817919
IEEE69,TP4,18,33792,1964.2992302700338,1972.095795394558,1983.7191376008666,1971.9318657394863
IEEE69,TP4,19,33888,1293.8987209555962,1301.807213208136,1308.85561531218,1301.4826217727148
IEEE69,TP4,20,33984,1267.3116379590958,1270.0249300947041,1273.5538924950235,1272.1242395832203
IEEE69,TP4,21,34080,917.5832165635396,924.4823614938919,924.5679444087913,920.7876633103374
IEEE69,TP4,22,34176,705.6346637750285,734.456449615299,728.6577164956949,712.8123690618995
IEEE69,TP4,23,34272,1640.8512464466555,1651.7482135219368,1662.4412833857511,1653.3309636447677
IEEE69,TP4,24,34368,1766.5150814674653,1773.5616911187747,1774.1851028371645,1773.187527453886
IEEE69,TP4,25,34464,1965.1422673339846,1974.1591841674017,1986.8710856057623,1978.2079129137744
IEEE69,TP4,26,34560,1515.7336273797557,1529.7022064281625,1538.5260120972482,1527.8182829969319
IEEE69,TP4,27,34656,1179.5666790948444,1185.4291057859734,1192.7867856933976,1188.0467150122267
IEEE69,TP4,28,34752,930.6510959476878,934.4252571247415,940.1952978431312,939.5938342222695
IEEE69,TP4,29,34848,947.4447330334536,952.352063276106,960.9097138811098,954.5123268431456
IEEE69,TP4,30,34944,1408.9026790882747,1418.4919867183025,1428.0822444532002,1422.1504646091544
IEEE69,TP5,0,32064,1113.651863192588,1114.0726963836782,1100.0436999653377,1109.7419866672676
IEEE69,TP5,1,32160,887.8500530595383,904.8786756341343,878.149469896479,888.7519536773772
IEEE69,TP5,2,32256,1446.8080300426175,1458.1565538462607,1463.6816731138633,1455.0577167643833
IEEE69,TP5,3,32352,1658.990068857321,1671.1367758826862,1677.3155818237403,1668.7717530543312
IEEE69,TP5,4,32448,2051.7602027476296,2063.210691971853,2075.450142873091,2060.903296169734
IEEE69,TP5,5,32544,2785.2031060484424,2779.365788623751,2785.813249294965,2780.6799728744095
IEEE69,TP5,6,32640,2514.4450054569284,2513.8079558593713,2521.7498502778312,2518.146319402819
IEEE69,TP5,7,32736,1836.0492977685633,1838.3258260146297,1848.3172067687312,1834.8925813752992
IEEE69,TP5,8,32832,1249.7006970131106,1273.0383926385787,1273.3161862275365,1255.8356791268222
IEEE69,TP5,9,32928,1963.1523630286392,1979.4026924217242,1985.3971634223083,1976.388886546856
IEEE69,TP5,10,33024,2268.0308391622,2280.363399969941,2284.5472037818176,2278.454625002157
IEEE69,TP5,11,33120,2279.382687358039,2281.73548966245,2281.267269305344,2279.639154550329
IEEE69,TP5,12,33216,1666.4075922000577,1668.7597276834238,1673.994666733536,1671.030007988393
IEEE69,TP5,13,33312,1870.0666602158356,1882.3570727898732,1904.2323481586443,1884.758651897635
IEEE69,TP5,14,33408,1061.8100755081398,1072.005153691539,1058.8159345403853,1059.688528202556
IEEE69,TP5,15,33504,1117.4244292429141,1121.2780656022728,1122.8099290948696,1121.393916831966
IEEE69,TP5,16,33600,1618.0188255466119,1629.1026162273986,1639.1858202114993,1628.8883342158908
IEEE69,TP5,17,33696,1891.091657574984,1906.1856970319452,1918.3028625115437,1904.3664588241027
IEEE69,TP5,18,33792,1962.1012594140195,1970.1557879836291,1982.8847652081706,1970.1729576952384
IEEE69,TP5,19,33888,1292.502284219023,1300.592273298292,1308.19168664013,1300.5332129997466
IEEE69,TP5,20,33984,1266.3332070837357,1268.8274406996595,1272.880868547789,1271.0581851609752
IEEE69,TP5,21,34080,918.6113166947504,923.5553310302831,924.1093069098014,921.2902426527884
IEEE69,TP5,22,34176,706.9391892157482,733.5108743233401,728.352942866339,713.9787426446319
IEEE69,TP5,23,34272,1639.8131170698653,1649.975400033256,1661.7037449728625,1651.6034428498442
IEEE69,TP5,24,34368,1765.854742867239,1772.0458681676391,1773.3495830288487,1771.2241161313975
IEEE69,TP5,25,34464,1963.1912902048496,1972.541778614005,1985.9880970412648,1977.1753595454757
IEEE69,TP5,26,34560,1514.2642925539556,1528.2015238394276,1537.7358794801287,1527.1265987488177
IEEE69,TP5,27,34656,1178.2598277133138,1184.3302425639886,1192.1802133046856,1186.8792880028875
IEEE69,TP5,28,34752,929.9530131697006,933.6622328203699,939.8485616035049,938.8586501834985
IEEE69,TP5,29,34848,947.0039941854228,951.3080287876743,960.6068970056457,953.9800802185387
IEEE69,TP5,30,34944,1407.8343821708459,1417.1549297153142,1427.3327624954484,1420.3614034380678
IEEE69,TP6,0,32064,1113.1640652236686,1113.8052745839677,1100.1287095613368,1105.7471936985291
IEEE69,TP6,1,32160,885.6195707666835,904.3558077518038,878.1614718190473,888.0503659963912
IEEE69,TP6,2,32256,1446.9596637504392,1457.6498092430004,1463.6337429506784,1454.6115390887207
IEEE69,TP6,3,32352,1659.241447675392,1670.4867460097937,1677.316521684221,1667.493521201305
IEEE69,TP6,4,32448,2052.218848710661,2062.532962222758,2075.3033921339756,2060.722604341436
IEEE69,TP6,5,32544,2784.249495226937,2778.015422324112,2784.9827937575224,2779.7713806782217
IEEE69,TP6,6,32640,2513.634736359801,2512.6758207581975,2521.064545530533,2517.171946759616
IEEE69,TP6,7,32736,1836.1129256280974,1837.6168380176805,1848.1394964530991,1834.3289132329044
IEEE69,TP6,8,32832,1252.2044791127416,1271.2979396173416,1273.1965277772115,1256.4035876917167
IEEE69,TP6,9,32928,1962.8262143639713,1978.6404103656794,1985.1567201489695,1975.0938707969472
IEEE69,TP6,10,33024,2268.6157644312702,2279.062360168437,2284.0833928901434,2278.233117000324
IEEE69,TP6,11,33120,2278.7260596545825,2280.8085042827834,2281.1204914424447,2278.6471698014466
IEEE69,TP6,12,33216,1666.7061645055173,1668.2564553289274,1674.0648159561988,1670.5536615896672
IEEE69,TP6,13,33312,1870.1143018728696,1881.4068187509674,1903.9591843532974,1883.814000053874
IEEE69,TP6,14,33408,1059.8822052178805,1071.5481273052303,1058.780345951107,1056.4924486285563
IEEE69,TP6,15,33504,1117.3047831095844,1120.6877131226004,1122.8383876358778,1121.225349628021
IEEE69,TP6,16,33600,1618.5526715947854,1628.7032509361768,1639.0440335979129,1628.3886056713154
IEEE69,TP6,17,33696,1891.2843992474666,1905.3997838038413,1918.236228696581,1903.65184472626
IEEE69,TP6,18,33792,1961.5362964036115,1969.5721013289603,1982.575900350028,1969.3186854178186
IEEE69,TP6,19,33888,1292.4905176788982,1300.028813769212,1308.2267308635867,1299.359802301692
IEEE69,TP6,20,33984,1265.8454454985433,1268.3161277864172,1272.6863769469699,1270.2474807464075
IEEE69,TP6,21,34080,914.4530061004162,923.2497335786715,924.1608598784952,919.3540729430234
IEEE69,TP6,22,34176,704.180297181019,733.1246574424886,728.3312020294384,713.6263196717133
IEEE69,TP6,23,34272,1639.5767713587684,1649.2373818774934,1661.4305996603637,1650.6739184238493
IEEE69,TP6,24,34368,1765.4583402701048,1771.4139700834173,1773.0961376398025,1770.431914095806
IEEE69,TP6,25,34464,1963.0857875370775,1972.0701934573428,1985.6790881707493,1975.7571158929386
IEEE69,TP6,26,34560,1513.8227464722243,1527.8576463886172,1537.7697219423142,1525.475824739259
IEEE69,TP6,27,34656,1178.2974875049833,1183.9211585120927,1192.1797243531098,1186.0904858416554
IEEE69,TP6,28,34752,929.7716873613223,933.1685677556248,939.7325124746311,938.6105940335015
IEEE69,TP6,29,34848,947.1299519577591,950.8007969799272,960.5694618055223,953.8785219025941
IEEE69,TP6,30,34944,1407.1230241249275,1416.5141523402147,1427.1014248754502,1419.58598004571
IEEE69,TP7,0,32064,1114.0453516529467,1114.4536815880695,1100.4445825473167,1109.8985325142787
IEEE69,TP7,1,32160,888.1122117321983,905.0793620415187,878.4328987848371,888.2936021571492
IEEE69,TP7,2,32256,1447.3641246332743,1458.7547519207085,1464.2669410732985,1455.4322854717109
IEEE69,TP7,3,32352,1659.6331074617958,1671.8202599730648,1677.9983408265678,1669.269629589616
IEEE69,TP7,4,32448,2052.4884152593436,2063.9453815138354,2076.1409003858666,2061.6184609321876
IEEE69,TP7,5,32544,2786.0642018214544,2780.2476103738245,2786.694254582618,2781.4806848837834
IEEE69,TP7,6,32640,2515.2885399961515,2514.583175479831,2522.5319802034296,2518.9192175502935
IEEE69,TP7,7,32736,1836.5203816999328,1838.8143205685603,1848.737715286492,1835.3642311954218
IEEE69,TP7,8,32832,1250.0425408641124,1273.4213475550484,1273.6482919361545,1256.3715988009624
IEEE69,TP7,9,32928,1964.0137827709461,1980.2332306746964,1986.2287715094228,1977.3663966025258
IEEE69,TP7,10,33024,2268.817361302748,2281.2652910964657,2285.434553248481,2279.2429983163497
IEEE69,TP7,11,33120,2280.1791528288472,2282.514229002305,2282.0425082589904,2280.474542431122
IEEE69,TP7,12,33216,1667.027176604368,1669.4770162683642,1674.695579480528,1672.153996064417
IEEE69,TP7,13,33312,1870.674886913216,1882.9145792776974,1904.8384627989826,1885.3836571753654
IEEE69,TP7,14,33408,1062.0331308450486,1072.341413725181,1059.1680215609194,1060.3053569969863
IEEE69,TP7,15,33504,1117.7190346164991,1121.5273459772748,1123.104052768305,1121.918467635963
IEEE69,TP7,16,33600,1618.6038710876746,1629.730863653218,1639.814070386935,1629.4635303215646
IEEE69,TP7,17,33696,1891.7942228249988,1906.9548789888677,1919.021469431006,1905.101675287655
IEEE69,TP7,18,33792,1962.741713479809,1970.8458155114797,1983.5490934858678,1970.5576497438387
IEEE69,TP7,19,33888,1293.0510756338401,1301.1599044625966,1308.7476719655913,1301.0016051649366
IEEE69,TP7,20,33984,1266.8472492488029,1269.390186196299,1273.4431146845402,1271.4512670129063
IEEE69,TP7,21,34080,918.9403087372084,923.8826314367543,924.4644402261216,921.4793700278109
IEEE69,TP7,22,34176,707.1559075025331,733.7619996647496,728.5855977046102,713.4594219637994
IEEE69,TP7,23,34272,1640.4192271369386,1650.566372339853,1662.2749637634024,1652.1565003017247
IEEE69,TP7,24,34368,1766.4768034137624,1772.7324707410173,1774.0116190363049,1772.105253532139
IEEE69,TP7,25,34464,1963.8112263411156,1973.2317189865907,1986.6737427539404,1977.6926361824546
IEEE69,TP7,26,34560,1514.8765994964408,1528.8761281762766,1538.4062651903096,1527.46257519559
IEEE69,TP7,27,34656,1178.7560746442045,1184.847752127218,1192.6858789251069,1187.2800464342256
IEEE69,TP7,28,34752,930.1412688523936,933.9074397654462,940.0748565565345,938.7398880374286
IEEE69,TP7,29,34848,947.2211085224708,951.5222304545058,960.8006281970183,954.1036905255845
IEEE69,TP7,30,34944,1408.3231099086381,1417.7347401426468,1427.869209085576,1420.8779707288465
IEEE69,TP8,0,32064,1114.78765297308,1114.111511167664,1099.8755896213768,1109.4969548831132
IEEE69,TP8,1,32160,888.1584125148684,904.6085715940849,878.0877869523642,888.8617258154396
IEEE69,TP8,2,32256,1446.5023910664777,1457.8451932922706,1463.4297587633707,1454.567129412614
IEEE69,TP8,3,32352,1658.6741072382558,1670.6075858245622,1676.9752332712353,1668.7031771079746
IEEE69,TP8,4,32448,2051.061633719939,2063.2748225113205,2075.1616718076343,2061.0969904106714
IEEE69,TP8,5,32544,2784.7818754767027,2779.1560612634207,2785.4261849474965,2780.479944249637
IEEE69,TP8,6,32640,2515.0483259852585,2514.0955046053655,2521.444423843987,2518.706829335217
IEEE69,TP8,7,32736,1836.3411649706024,1838.2932013012676,1848.1160266582112,1834.9081792106263
IEEE69,TP8,8,32832,1248.209727165334,1273.2905384741518,1273.2005202650168,1257.2075917929985
IEEE69,TP8,9,32928,1964.4324567790245,1979.9790353216742,1984.9661441239275,1976.744848529401
IEEE69,TP8,10,33024,2268.1756882830095,2280.3703140754933,2284.0999323503574,2278.9383686378133
IEEE69,TP8,11,33120,2279.0557739606675,2281.4327812193706,2281.087521738737,2279.6456860226
IEEE69,TP8,12,33216,1665.9563623427937,1668.7125471208,1673.6388771973477,1670.580588341898
IEEE69,TP8,13,33312,1869.9612039171104,1881.8658370584453,1904.0086613744177,1884.6677083780378
IEEE69,TP8,14,33408,1064.0008147818583,1071.9115298467405,1058.6543036676073,1059.7144231542504
IEEE69,TP8,15,33504,1117.193183633064,1121.2862276867477,1122.7275109929262,1120.9022079391714
IEEE69,TP8,16,33600,1617.8273244479435,1628.7123548878692,1638.9181186913609,1629.0787989425808
IEEE69,TP8,17,33696,1890.510384811936,1905.8878392841036,1918.2089481633377,1904.6328324172434
IEEE69,TP8,18,33792,1961.689542093475,1969.9820667554195,1982.5479597886624,1970.0531736782712
IEEE69,TP8,19,33888,1292.514390740709,1300.2960580953884,1307.923186727288,1300.4190532298007
IEEE69,TP8,20,33984,1266.1859005932845,1268.5390993351866,1272.3949432437407,1270.8298624413085
IEEE69,TP8,21,34080,919.0123500167687,923.7829726821154,923.9496047434731,921.3460719554464
IEEE69,TP8,22,34176,709.0987494861084,733.5091349182704,728.2983131256452,714.5715861265384
IEEE69,TP8,23,34272,1639.6659198298773,1649.6626407193796,1661.462882529424,1651.4449899038375
IEEE69,TP8,24,34368,1765.191858864783,1771.8166796442345,1773.0441834326487,1770.9626828117327
IEEE69,TP8,25,34464,1962.9598074031346,1972.1000824908936,1985.6738828374346,1978.0304479543347
IEEE69,TP8,26,34560,1514.2744504608236,1527.8143352873997,1537.40893453385,1527.011417162362
IEEE69,TP8,27,34656,1177.9566287036048,1184.0332698287323,1191.9607596451021,1186.6633111097979
IEEE69,TP8,28,34752,929.2667892077861,933.682216715827,939.7411484964163,938.8962884439621
IEEE69,TP8,29,34848,946.8086012614023,951.4216867802128,960.5373110439872,953.9127923978682
IEEE69,TP8,30,34944,1407.4808114253747,1416.8768515579866,1427.0935111465758,1419.70006024149
IEEE69,TP9,0,32064,1112.0385369391686,1114.0788893621257,1099.9239659962293,1109.0270407676046
IEEE69,TP9,1,32160,887.001703817829,905.4292000003625,878.1293893735971,886.8973184248531
IEEE69,TP9,2,32256,1447.480814526691,1458.448166443628,1463.4961276813417,1455.4220809398767
IEEE69,TP9,3,32352,1659.5500310710058,1671.467123915747,1677.0559001605043,1669.143559676583
IEEE69,TP9,4,32448,2052.0492742075407,2064.1070036542715,2075.2565466657275,2062.72136857783
IEEE69,TP9,5,32544,2785.295016564976,2780.5875821028617,2785.6423765555624,2781.7263611815765
IEEE69,TP9,6,32640,2515.774972806708,2515.428290013728,2521.6449199320614,2519.935414924445
IEEE69,TP9,7,32736,1836.7955948020826,1839.1418717352415,1848.265344355258,1836.19134334918
IEEE69,TP9,8,32832,1249.1050913719355,1275.3218136825192,1273.303662095141,1257.5861909628466
IEEE69,TP9,9,32928,1964.3424179607566,1980.8617370972831,1985.1143305720386,1977.334574885268
IEEE69,TP9,10,33024,2268.980214312785,2281.2977461415153,2284.2671229474654,2279.8124781347256
IEEE69,TP9,11,33120,2279.4774642330212,2283.215374337439,2281.2282637525427,2281.097094426135
IEEE69,TP9,12,33216,1666.8158052482138,1669.5764301943302,1673.6988505198544,1672.2733933779753
IEEE69,TP9,13,33312,1871.1172833280118,1882.99377550251,1904.1219336829784,1886.2925869802318
IEEE69,TP9,14,33408,1062.652684325493,1072.2940894207193,1058.7309898022722,1059.397623019431
IEEE69,TP9,15,33504,1117.2791891294225,1121.8971507087315,1122.7716323441484,1120.428660155011
IEEE69,TP9,16,33600,1619.2866892314225,1629.6086925446307,1639.004688748242,1629.7460404607239
IEEE69,TP9,17,33696,1890.9597716317473,1906.8609661191713,1918.2485035382542,1905.4619793874663
IEEE69,TP9,18,33792,1963.2948187054724,1971.148250446554,1982.6431636980749,1970.9366274955164
IEEE69,TP9,19,33888,1293.229142167332,1300.8796029937976,1307.9764149935306,1300.887480954053
IEEE69,TP9,20,33984,1266.7144414734532,1269.1023860688813,1272.4541066963914,1271.4975699282784
IEEE69,TP9,21,34080,917.7075386807597,924.3594827878488,924.0038414323936,920.6020831137497
IEEE69,TP9,22,34176,707.4522458110717,734.2008377479324,728.3366565511036,712.3923052659852
IEEE69,TP9,23,34272,1639.8681529583419,1650.7690049405865,1661.5553348090434,1652.5829775437203
IEEE69,TP9,24,34368,1765.2620789156938,1772.5805489758534,1773.138530144174,1772.0998708759228
IEEE69,TP9,25,34464,1964.1736197663897,1972.954195034762,1985.766999573639,1978.1421266725208
IEEE69,TP9,26,34560,1515.0608721806814,1528.580088344106,1537.468809685112,1527.2730730967885
IEEE69,TP9,27,34656,1178.6361674722584,1184.5588096646231,1192.0106156188074,1187.4794530714482
IEEE69,TP9,28,34752,929.5835650049181,934.1861077265238,939.8094314473418,939.2279633152693
IEEE69,TP9,29,34848,947.0584306531283,952.1440054669656,960.5984493959313,954.2206383512997
IEEE69,TP9,30,34944,1408.583454681039,1417.6397973294177,1427.2125632104273,1420.9888092286683
