feeder,topology_case,gnn_architecture,comparison,paired_episodes,mlp_mean_cost,gnn_mean_cost,mean_difference_gnn_minus_mlp,median_difference_gnn_minus_mlp,mean_cost_improvement_percent,gnn_wins,mlp_wins,ties,gnn_win_rate_excluding_ties,wilcoxon_statistic_two_sided,p_value_two_sided,wilcoxon_statistic_gnn_lower,p_value_gnn_lower_one_sided,rank_biserial_gnn_minus_mlp,p_holm_two_sided,p_holm_gnn_lower_one_sided,significant_two_sided_0p05,significant_gnn_lower_0p05
IEEE33,TP1,gcn,GCN vs MLP,31,605.4673580271084,600.8649142847237,-4.602443742384836,-3.6944543260214004,0.7601472947082712,23,8,0,0.7419354838709677,96.0,0.0021575288847088814,96.0,0.0010787644423544407,-0.6129032258064516,0.004315057769417763,0.0021575288847088814,True,True
IEEE33,TP1,gat,GAT vs MLP,31,605.4673580271084,604.0113366769061,-1.4560213502023578,-1.4182448248355968,0.2404789177977574,23,8,0,0.7419354838709677,146.0,0.045629615895450115,146.0,0.022814807947725058,-0.4112903225806452,0.045629615895450115,0.022814807947725058,True,True
IEEE33,TP1,tagconv,TAGCONV vs MLP,31,605.4673580271084,599.1980845570539,-6.269273470054597,-5.48724806911963,1.0354436761847357,30,1,0,0.967741935483871,1.0,1.862645149230957e-09,1.0,9.313225746154785e-10,-0.9959677419354839,5.587935447692871e-09,2.7939677238464355e-09,True,True
IEEE33,TP2,gcn,GCN vs MLP,31,601.009699184707,597.3723475333321,-3.637351651374611,-2.6959798510918063,0.6052068138515987,21,10,0,0.6774193548387096,132.0,0.022097455337643623,132.0,0.011048727668821812,-0.46774193548387094,0.04419491067528725,0.022097455337643623,True,True
IEEE33,TP2,gat,GAT vs MLP,31,601.009699184707,600.2761117380112,-0.7335874466955677,-0.8874419966517735,0.1220591693762854,21,10,0,0.6774193548387096,169.0,0.12516957335174084,169.0,0.06258478667587042,-0.3185483870967742,0.12516957335174084,0.06258478667587042,False,False
IEEE33,TP2,tagconv,TAGCONV vs MLP,31,601.009699184707,595.8991272411135,-5.110571943593201,-4.780617184606513,0.8503310263588263,30,1,0,0.967741935483871,4.0,6.51925802230835e-09,4.0,3.259629011154175e-09,-0.9838709677419355,1.955777406692505e-08,9.778887033462524e-09,True,True
IEEE33,TP3,gcn,GCN vs MLP,31,604.5159782042086,602.098038220577,-2.4179399836316717,-2.3539950912784775,0.3999794994359683,20,11,0,0.6451612903225806,148.0,0.050248345360159874,148.0,0.025124172680079937,-0.4032258064516129,0.050248345360159874,0.025124172680079937,False,True
IEEE33,TP3,gat,GAT vs MLP,31,604.5159782042086,602.8492906021658,-1.6666876020428176,-2.5932987087159063,0.27570612889240603,22,9,0,0.7096774193548387,133.0,0.023342357017099857,133.0,0.011671178508549929,-0.4637096774193548,0.046684714034199715,0.023342357017099857,True,True
IEEE33,TP3,tagconv,TAGCONV vs MLP,31,604.5159782042086,601.3235935612198,-3.1923846429887703,-3.283977025703507,0.5280893736625806,27,4,0,0.8709677419354839,32.0,2.5741755962371826e-06,32.0,1.2870877981185913e-06,-0.8709677419354839,7.722526788711548e-06,3.861263394355774e-06,True,True
IEEE33,TP4,gcn,GCN vs MLP,31,598.9212705470917,596.2640481697707,-2.657222377321091,-2.4486491047723575,0.4436680592248303,20,11,0,0.6451612903225806,162.0,0.09416095819324255,162.0,0.047080479096621275,-0.3467741935483871,0.1883219163864851,0.09416095819324255,False,False
IEEE33,TP4,gat,GAT vs MLP,31,598.9212705470917,598.7176743402174,-0.20359620687435245,-0.8602677270230288,0.03399381803359853,20,11,0,0.6451612903225806,195.0,0.3081742124632001,195.0,0.15408710623160005,-0.21370967741935484,0.3081742124632001,0.15408710623160005,False,False
IEEE33,TP4,tagconv,TAGCONV vs MLP,31,598.9212705470917,597.0670608306784,-1.8542097164133169,-2.0144164110242855,0.3095915619626459,24,7,0,0.7741935483870968,90.0,0.0013564806431531906,90.0,0.0006782403215765953,-0.6370967741935484,0.004069441929459572,0.002034720964729786,True,True
IEEE33,TP5,gcn,GCN vs MLP,31,604.4257373529418,601.1138639162381,-3.3118734367036917,-3.680517853837955,0.5479371959255044,22,9,0,0.7096774193548387,107.0,0.004751680418848991,107.0,0.0023758402094244957,-0.5685483870967742,0.009503360837697983,0.004751680418848991,True,True
IEEE33,TP5,gat,GAT vs MLP,31,604.4257373529418,605.2878569630014,0.8621196100597951,1.6317241301813965,-0.14263449697480224,12,19,0,0.3870967741935484,175.0,0.15741967037320137,321.0,0.9241707366891205,0.29435483870967744,0.15741967037320137,0.9241707366891205,False,False
IEEE33,TP5,tagconv,TAGCONV vs MLP,31,604.4257373529418,599.0895105587874,-5.336226794154226,-6.5916675323842355,0.8828589625458709,26,5,0,0.8387096774193549,37.0,5.317851901054382e-06,37.0,2.658925950527191e-06,-0.8508064516129032,1.5953555703163147e-05,7.976777851581573e-06,True,True
IEEE33,TP6,gcn,GCN vs MLP,31,606.080816902437,602.6705466346453,-3.4102702677916685,-3.5409425608741003,0.5626758301344926,22,9,0,0.7096774193548387,114.0,0.007560359314084053,114.0,0.0037801796570420265,-0.5403225806451613,0.015120718628168106,0.007560359314084053,True,True
IEEE33,TP6,gat,GAT vs MLP,31,606.080816902437,604.8423737029451,-1.2384431994919232,-0.4158006507450409,0.20433631373145672,20,11,0,0.6451612903225806,173.0,0.14605465531349182,173.0,0.07302732765674591,-0.3024193548387097,0.14605465531349182,0.07302732765674591,False,False
IEEE33,TP6,tagconv,TAGCONV vs MLP,31,606.080816902437,597.6515099092528,-8.429306993184248,-8.316774821726995,1.390789273989039,28,3,0,0.9032258064516129,7.0,1.7695128917694092e-08,7.0,8.847564458847046e-09,-0.9717741935483871,5.3085386753082275e-08,2.6542693376541138e-08,True,True
IEEE33,TP7,gcn,GCN vs MLP,31,603.0969583208231,599.2796728337054,-3.817285487117642,-3.0858608669850582,0.6329472292060664,22,9,0,0.7096774193548387,130.0,0.019774673506617546,130.0,0.009887336753308773,-0.47580645161290325,0.03954934701323509,0.019774673506617546,True,True
IEEE33,TP7,gat,GAT vs MLP,31,603.0969583208231,602.8434288164786,-0.25352950434434035,-0.7850915161948251,0.04203793450564457,16,15,0,0.5161290322580645,207.0,0.43272085953503847,207.0,0.21636042976751924,-0.16532258064516128,0.43272085953503847,0.21636042976751924,False,False
IEEE33,TP7,tagconv,TAGCONV vs MLP,31,603.0969583208231,598.5465768887665,-4.550381432056649,-4.302131547528404,0.7545024675179994,28,3,0,0.9032258064516129,14.0,1.0244548320770264e-07,14.0,5.122274160385132e-08,-0.9435483870967742,3.073364496231079e-07,1.5366822481155396e-07,True,True
IEEE69,TP1,gcn,GCN vs MLP,31,1587.3349859932375,1582.6861509624612,-4.648835030776596,-6.171181343105786,0.2928704446004165,26,5,0,0.8387096774193549,97.0,0.0023254938423633575,97.0,0.0011627469211816788,-0.6088709677419355,0.0023254938423633575,0.0011627469211816788,True,True
IEEE69,TP1,gat,GAT vs MLP,31,1587.3349859932375,1573.923874025432,-13.411111967805482,-15.693195526485852,0.8448822766552829,28,3,0,0.9032258064516129,26.0,9.955838322639465e-07,26.0,4.977919161319733e-07,-0.8951612903225806,2.9867514967918396e-06,1.4933757483959198e-06,True,True
IEEE69,TP1,tagconv,TAGCONV vs MLP,31,1587.3349859932375,1580.691611704865,-6.643374288372787,-6.968791349657977,0.4185237739351933,28,3,0,0.9032258064516129,44.0,1.3524666428565979e-05,44.0,6.7623332142829895e-06,-0.8225806451612904,2.7049332857131958e-05,1.3524666428565979e-05,True,True
IEEE69,TP2,gcn,GCN vs MLP,31,1587.4361845234916,1583.5378342444512,-3.898350279040704,-5.391713250160592,0.24557524371983502,25,6,0,0.8064516129032258,111.0,0.006217258051037788,111.0,0.003108629025518894,-0.5524193548387096,0.006217258051037788,0.003108629025518894,True,True
IEEE69,TP2,gat,GAT vs MLP,31,1587.4361845234916,1574.1728773278865,-13.263307195604948,-14.957001321313555,0.8355175045720974,28,3,0,0.9032258064516129,23.0,5.960464477539062e-07,23.0,2.980232238769531e-07,-0.907258064516129,1.7881393432617188e-06,8.940696716308594e-07,True,True
IEEE69,TP2,tagconv,TAGCONV vs MLP,31,1587.4361845234916,1581.1610238946153,-6.275160628876374,-6.397018927246222,0.39530159952603305,28,3,0,0.9032258064516129,43.0,1.1898577213287354e-05,43.0,5.949288606643677e-06,-0.8266129032258065,2.3797154426574707e-05,1.1898577213287354e-05,True,True
IEEE69,TP3,gcn,GCN vs MLP,31,1587.3330195526703,1582.6843794374006,-4.648640115269934,-6.171277762437171,0.29285852798423756,26,5,0,0.8387096774193549,97.0,0.0023254938423633575,97.0,0.0011627469211816788,-0.6088709677419355,0.0023254938423633575,0.0011627469211816788,True,True
IEEE69,TP3,gat,GAT vs MLP,31,1587.3330195526703,1573.922325863257,-13.4106936894133,-15.693233730712791,0.8448569723064596,28,3,0,0.9032258064516129,26.0,9.955838322639465e-07,26.0,4.977919161319733e-07,-0.8951612903225806,2.9867514967918396e-06,1.4933757483959198e-06,True,True
IEEE69,TP3,tagconv,TAGCONV vs MLP,31,1587.3330195526703,1580.6899044321187,-6.6431151205514976,-6.968764942946336,0.41850796516686,28,3,0,0.9032258064516129,44.0,1.3524666428565979e-05,44.0,6.7623332142829895e-06,-0.8225806451612904,2.7049332857131958e-05,1.3524666428565979e-05,True,True
IEEE69,TP4,gcn,GCN vs MLP,31,1587.4345779359237,1583.5360782873952,-3.8984996485287593,-5.392236759086245,0.24558490174742026,25,6,0,0.8064516129032258,111.0,0.006217258051037788,111.0,0.003108629025518894,-0.5524193548387096,0.006217258051037788,0.003108629025518894,True,True
IEEE69,TP4,gat,GAT vs MLP,31,1587.4345779359237,1574.1713407865914,-13.263237149332264,-14.956894356583689,0.8355139376249427,28,3,0,0.9032258064516129,23.0,5.960464477539062e-07,23.0,2.980232238769531e-07,-0.907258064516129,1.7881393432617188e-06,8.940696716308594e-07,True,True
IEEE69,TP4,tagconv,TAGCONV vs MLP,31,1587.4345779359237,1581.1593299167935,-6.275248019130323,-6.397387037964222,0.39530750472184367,28,3,0,0.9032258064516129,43.0,1.1898577213287354e-05,43.0,5.949288606643677e-06,-0.8266129032258065,2.3797154426574707e-05,1.1898577213287354e-05,True,True
IEEE69,TP5,gcn,GCN vs MLP,31,1586.6953408743916,1582.0337091552383,-4.661631719153335,-6.186328783134968,0.29379500897660676,26,5,0,0.8387096774193549,97.0,0.0023254938423633575,97.0,0.0011627469211816788,-0.6088709677419355,0.0023254938423633575,0.0011627469211816788,True,True
IEEE69,TP5,gat,GAT vs MLP,31,1586.6953408743916,1573.3066248576333,-13.38871601675847,-15.689402421106934,0.8438113903693739,28,3,0,0.9032258064516129,27.0,1.1743977665901184e-06,27.0,5.871988832950592e-07,-0.8911290322580645,3.5231932997703552e-06,1.7615966498851776e-06,True,True
IEEE69,TP5,tagconv,TAGCONV vs MLP,31,1586.6953408743916,1580.0526484982013,-6.6426923761905305,-6.971359057380596,0.4186495167074537,28,3,0,0.9032258064516129,44.0,1.3524666428565979e-05,44.0,6.7623332142829895e-06,-0.8225806451612904,2.7049332857131958e-05,1.3524666428565979e-05,True,True
IEEE69,TP6,gcn,GCN vs MLP,31,1586.540340107439,1581.3621079320578,-5.178232175381943,-6.82977567442731,0.3263851567134176,27,4,0,0.8709677419354839,91.0,0.0014681089669466019,91.0,0.0007340544834733009,-0.6330645161290323,0.0014681089669466019,0.0007340544834733009,True,True
IEEE69,TP6,gat,GAT vs MLP,31,1586.540340107439,1572.9093276097421,-13.631012497697226,-15.46762845887315,0.8591658310291593,28,3,0,0.9032258064516129,23.0,5.960464477539062e-07,23.0,2.980232238769531e-07,-0.907258064516129,1.7881393432617188e-06,8.940696716308594e-07,True,True
IEEE69,TP6,tagconv,TAGCONV vs MLP,31,1586.540340107439,1579.1229624722978,-7.4173776351418645,-7.515444829740318,0.4675190064589845,29,2,0,0.9354838709677419,30.0,1.8952414393424988e-06,30.0,9.476207196712494e-07,-0.8790322580645161,3.7904828786849976e-06,1.8952414393424988e-06,True,True
IEEE69,TP7,gcn,GCN vs MLP,31,1587.2525960208086,1582.5980041833534,-4.654591837455178,-6.178080853502934,0.2932483367249871,26,5,0,0.8387096774193549,97.0,0.0023254938423633575,97.0,0.0011627469211816788,-0.6088709677419355,0.0023254938423633575,0.0011627469211816788,True,True
IEEE69,TP7,gat,GAT vs MLP,31,1587.2525960208086,1573.8446183172166,-13.4079777035923,-15.696596331751152,0.8447286674600732,28,3,0,0.9032258064516129,27.0,1.1743977665901184e-06,27.0,5.871988832950592e-07,-0.8911290322580645,3.5231932997703552e-06,1.7615966498851776e-06,True,True
IEEE69,TP7,tagconv,TAGCONV vs MLP,31,1587.2525960208086,1580.5298947993108,-6.722701221497988,-6.991238356729355,0.4235432494079012,28,3,0,0.9032258064516129,42.0,1.0450370609760284e-05,42.0,5.225185304880142e-06,-0.8306451612903226,2.090074121952057e-05,1.0450370609760284e-05,True,True
IEEE69,TP8,gcn,GCN vs MLP,31,1586.45367212016,1581.9018887531095,-4.551783367050381,-6.27012368407577,0.2869156185927261,25,6,0,0.8064516129032258,101.0,0.0031182998791337013,101.0,0.0015591499395668507,-0.592741935483871,0.0031182998791337013,0.0015591499395668507,True,True
IEEE69,TP8,gat,GAT vs MLP,31,1586.45367212016,1573.3156220695182,-13.138050050642017,-15.408795986579207,0.828139534202971,28,3,0,0.9032258064516129,29.0,1.6195699572563171e-06,29.0,8.097849786281586e-07,-0.8830645161290323,4.858709871768951e-06,2.4293549358844757e-06,True,True
IEEE69,TP8,tagconv,TAGCONV vs MLP,31,1586.45367212016,1580.0895394205818,-6.364132699578146,-7.393450905085729,0.4011546514984663,28,3,0,0.9032258064516129,46.0,1.7393380403518677e-05,46.0,8.696690201759338e-06,-0.8145161290322581,3.4786760807037354e-05,1.7393380403518677e-05,True,True
IEEE69,TP9,gcn,GCN vs MLP,31,1586.5444989025543,1582.7651296936986,-3.7793692088555493,-5.588776244757355,0.23821388000588933,24,7,0,0.7741935483870968,112.0,0.0066398633643984795,112.0,0.0033199316821992397,-0.5483870967741935,0.0066398633643984795,0.0033199316821992397,True,True
IEEE69,TP9,gat,GAT vs MLP,31,1586.5444989025543,1573.6331317412694,-12.911367161285122,-14.747272826198696,0.8138042878857796,28,3,0,0.9032258064516129,26.0,9.955838322639465e-07,26.0,4.977919161319733e-07,-0.8951612903225806,2.9867514967918396e-06,1.4933757483959198e-06,True,True
IEEE69,TP9,tagconv,TAGCONV vs MLP,31,1586.5444989025543,1580.6072931788708,-5.937205723684051,-6.377811044631585,0.37422245186254827,28,3,0,0.9032258064516129,45.0,1.5350058674812317e-05,45.0,7.675029337406158e-06,-0.8185483870967742,3.0700117349624634e-05,1.5350058674812317e-05,True,True
