topology_case,policy,episodes,mean_total_reward_mean,std_total_reward_mean,mean_total_reward_team,std_total_reward_team,mean_energy_cost,mean_grid_import_mwh,mean_curtailment_mwh,mean_throughput_mwh,mean_voltage_deviation,worst_min_voltage_pu,worst_max_voltage_pu,worst_line_current_pu,worst_voltage_violation,worst_line_current_violation,mean_infeasible_requested_count,mean_feasible_rate,mean_converged_rate,model,seed_run,source_folder
TP1,maddpg,31,-833.2538840328449,353.1717633220147,-4166.269420164224,1765.8588166100735,599.9744934424155,15.281514127887354,5.461480274870649,4.735272302023364,0.398444385758491,0.9503290057182312,1.0033552646636963,1.7195003032684326,0.0,0.0,0.0,1.0,1.0,gat,run_0,gat_ieee33_tp_full_eval_run0_best
TP2,maddpg,31,-815.9882671471474,347.7720192790023,-4079.9413357357375,1738.860096395012,596.4454795713907,15.192159870776054,5.453393241287325,4.750040239324089,0.2969129373549773,0.9611236453056335,1.0037572383880615,1.7067466974258425,0.0,0.0,0.0,1.0,1.0,gat,run_0,gat_ieee33_tp_full_eval_run0_best
TP3,maddpg,31,-829.5591733363843,351.93240308352114,-4147.795866681922,1759.662015417606,599.3455420060176,15.265901842714335,5.460191684864042,4.741761726308267,0.3753838646275702,0.9574189186096193,1.002938747406006,1.716488003730774,0.0,0.0,0.0,1.0,1.0,gat,run_0,gat_ieee33_tp_full_eval_run0_best
TP4,maddpg,31,-808.0529570609459,345.11958870190773,-4040.264785304729,1725.5979435095385,594.7971912713509,15.151661210619343,5.452291454440123,4.762997146015779,0.2505009675859123,0.9705972671508788,1.003757357597351,1.6997007131576538,0.0,0.0,0.0,1.0,1.0,gat,run_0,gat_ieee33_tp_full_eval_run0_best
TP5,maddpg,31,-846.9825830619061,361.7093039245885,-4234.912915309531,1808.5465196229432,600.5854562843305,15.2878166258963,5.530772772238557,4.590081102097218,0.3827352669610772,0.9486038684844972,1.0060756206512451,1.6531442403793335,0.0013961364831854,0.0,0.7419354838709677,0.9973118279569892,1.0,gat,run_0,gat_ieee33_tp_full_eval_run0_best
TP6,maddpg,31,-911.0953880178772,428.4513342181737,-4555.4769400893865,2142.2566710908686,599.4810723239221,15.260707999721625,5.474427837490636,4.517115226162239,0.4378237709082583,0.9447911977767944,1.004841923713684,1.5900484323501587,0.0052088175934883,0.0,3.6774193548387095,0.98622311827957,1.0,gat,run_0,gat_ieee33_tp_full_eval_run0_best
TP7,maddpg,31,-824.5886308719502,350.08074180517366,-4122.943154359751,1750.4037090258682,599.6587247913848,15.269359213236145,5.493741876353878,4.724611361565826,0.3321360045222826,0.9559054970741272,1.0039000511169434,1.7122167348861694,0.0,0.0,0.0,1.0,1.0,gat,run_0,gat_ieee33_tp_full_eval_run0_best
TP1,maddpg,31,-849.6407390360313,353.29208298832435,-4248.2036951801565,1766.4604149416216,610.7517228237591,15.36080652662412,5.649647094688548,4.600256973837841,0.4010168459987448,0.9500341415405272,1.004893779754639,1.7041994333267212,0.0,0.0,0.0967741935483871,1.0,1.0,gat,run_1,gat_ieee33_tp_full_eval_run1_best
TP2,maddpg,31,-829.9375247469251,348.7960771467499,-4149.687623734625,1743.9803857337497,606.8857306146201,15.261932551556349,5.639712829105093,4.60412416796994,0.2989587047367646,0.961093544960022,1.0044554471969604,1.6917674541473389,0.0,0.0,0.0,1.0,1.0,gat,run_1,gat_ieee33_tp_full_eval_run1_best
TP3,maddpg,31,-843.5873037730524,352.98364417792334,-4217.936518865262,1764.9182208896164,609.8047395803577,15.34687883491902,5.651918165583739,4.626231233479651,0.3778717009731198,0.9582086205482484,1.0043041706085205,1.6939430236816406,0.0,0.0,0.0,1.0,1.0,gat,run_1,gat_ieee33_tp_full_eval_run1_best
TP4,maddpg,31,-821.8691358783989,346.27213824155905,-4109.345679391995,1731.3606912077958,605.1886613450334,15.2224944977623,5.633439398173694,4.652369612854544,0.2520270906989613,0.9707324504852296,1.0028817653656006,1.6847466230392456,0.0,0.0,0.0,1.0,1.0,gat,run_1,gat_ieee33_tp_full_eval_run1_best
TP5,maddpg,31,-861.4018282328119,353.643830220326,-4307.00914116406,1768.21915110163,612.3898118941266,15.43910210914596,5.727092880719251,4.648116671568073,0.3847412561136548,0.9486038684844972,1.0110723972320557,1.6293330192565918,0.0013961364831854,0.0,0.6774193548387096,0.997983870967742,1.0,gat,run_1,gat_ieee33_tp_full_eval_run1_best
TP6,maddpg,31,-920.858734455251,383.708733972933,-4604.293672276255,1918.5436698646647,612.4947965395253,15.435027145590997,5.709742270607594,4.540606675914291,0.4414260360582541,0.9447911977767944,1.0106663703918457,1.5900484323501587,0.0052088175934883,0.0,3.290322580645161,0.9848790322580644,1.0,gat,run_1,gat_ieee33_tp_full_eval_run1_best
TP7,maddpg,31,-837.4174462036034,350.46750478824794,-4187.0872310180175,1752.3375239412394,609.2872229690552,15.329809024558449,5.652709794923665,4.534871056874426,0.3337854745807827,0.9524338841438292,1.0057440996170044,1.697079300880432,0.0,0.0,0.0,1.0,1.0,gat,run_1,gat_ieee33_tp_full_eval_run1_best
TP1,maddpg,31,-841.290954124513,361.9162045651863,-4206.454770622565,1809.5810228259315,601.3077937645438,15.095681738030896,5.417365833195616,4.155317762957667,0.3974416098727654,0.9500032067298888,1.0045822858810425,1.6468955278396606,0.0,0.0,0.3225806451612903,1.0,1.0,gat,run_2,gat_ieee33_tp_full_eval_run2_best
TP2,maddpg,31,-817.2519967806164,355.1294254957565,-4086.2599839030822,1775.6471274787823,597.4971250280229,14.99014600289408,5.395405585392529,4.279770353188118,0.2963080250367683,0.9569401741027832,1.0054259300231934,1.686644434928894,0.0,0.0,0.0,1.0,1.0,gat,run_2,gat_ieee33_tp_full_eval_run2_best
TP3,maddpg,31,-829.3621455052206,360.3463860242565,-4146.810727526104,1801.7319301212824,599.3975902201221,15.036685429645631,5.382343193127608,4.053677372418971,0.3736173052300688,0.955778956413269,1.002968668937683,1.6960622072219849,0.0,0.0,0.0,1.0,1.0,gat,run_2,gat_ieee33_tp_full_eval_run2_best
TP4,maddpg,31,-809.720245392275,352.51207101686373,-4048.6012269613752,1762.5603550843189,596.1671704042678,14.949676605783454,5.391627578052108,4.211230668735544,0.2498387157997136,0.9674729108810424,1.0049159526824951,1.6767244338989258,0.0,0.0,0.0,1.0,1.0,gat,run_2,gat_ieee33_tp_full_eval_run2_best
TP5,maddpg,31,-873.5999953226967,393.5841286036927,-4367.999976613483,1967.9206430184636,602.8883027105471,15.144276896752285,5.472635674343981,3.963368996715286,0.3811514318510089,0.9486038684844972,1.0090779066085815,1.5846452713012695,0.0013961364831854,0.0,1.935483870967742,0.9973118279569892,1.0,gat,run_2,gat_ieee33_tp_full_eval_run2_best
TP6,maddpg,31,-970.3944939928224,488.7277260341421,-4851.972469964112,2443.638630170711,602.5512522453878,15.140361754487278,5.443045153851929,3.8822541191299615,0.4366781448204351,0.9447911977767944,1.0081274509429932,1.5900484323501587,0.0052088175934883,0.0,6.451612903225806,0.981518817204301,1.0,gat,run_2,gat_ieee33_tp_full_eval_run2_best
TP7,maddpg,31,-824.3425753691865,357.4148846735628,-4121.712876845932,1787.074423367813,599.5843386889962,15.044081739496717,5.411825178391995,4.133479779243436,0.3313208216981542,0.9518401026725768,1.0052623748779297,1.6887820959091189,0.0,0.0,0.0,1.0,1.0,gat,run_2,gat_ieee33_tp_full_eval_run2_best
TP1,maddpg,31,-854.2084423677335,354.97638243633486,-4271.042211838668,1774.8819121816746,615.7712365435378,15.377614280456651,5.692007764082685,3.062790880141283,0.4006050397712056,0.9514288306236268,1.0042351484298706,1.6508064270019531,0.0,0.0,0.0,1.0,1.0,gcn,run_0,gcn_ieee33_tp_full_eval_run0_best
TP2,maddpg,31,-837.1250906981649,349.42092388803394,-4185.625453490824,1747.1046194401697,612.3551432175044,15.290622554235824,5.690797521553151,3.0937601924468354,0.2992895414992686,0.9611698985099792,1.005313515663147,1.639992594718933,0.0,0.0,0.0,1.0,1.0,gcn,run_0,gcn_ieee33_tp_full_eval_run0_best
TP3,maddpg,31,-850.9069170076519,353.8371949403587,-4254.53458503826,1769.1859747017938,615.4716043040581,15.36691791221633,5.69349443591627,3.06949630484886,0.3772658908799771,0.9585100412368774,1.0030534267425537,1.6478058099746704,0.0,0.0,0.0,1.0,1.0,gcn,run_0,gcn_ieee33_tp_full_eval_run0_best
TP4,maddpg,31,-830.5190980605345,346.8589554985265,-4152.595490302673,1734.2947774926322,611.7364026099723,15.270531308900262,5.706732025316006,3.090251898264581,0.2527015659036816,0.9706430435180664,1.004947066307068,1.6329290866851809,0.0,0.0,0.0,1.0,1.0,gcn,run_0,gcn_ieee33_tp_full_eval_run0_best
TP5,maddpg,31,-853.2986261598826,356.23824930582754,-4266.493130799413,1781.1912465291373,612.7486762676227,15.293893480525416,5.655658995214176,3.0227759869084334,0.3836363194490312,0.9486038684844972,1.0089820623397827,1.5917085409164429,0.0013961364831854,0.0,0.2580645161290322,0.9973118279569892,1.0,gcn,run_0,gcn_ieee33_tp_full_eval_run0_best
TP6,maddpg,31,-903.5979695474848,375.9823662717132,-4517.9898477374245,1879.9118313585648,615.7298289988166,15.375552051097662,5.678941961661651,3.118526664437226,0.4401734018878591,0.9447911977767944,1.007821559906006,1.5900484323501587,0.0052088175934883,0.0,2.225806451612903,0.9781586021505376,1.0,gcn,run_0,gcn_ieee33_tp_full_eval_run0_best
TP7,maddpg,31,-842.316307543074,353.031873432326,-4211.581537715369,1765.1593671616306,613.0271249725957,15.289749365799109,5.665020162976036,2.985887929093856,0.3340124330653619,0.9562005400657654,1.0056333541870115,1.6450700759887695,0.0,0.0,0.0,1.0,1.0,gcn,run_0,gcn_ieee33_tp_full_eval_run0_best
TP1,maddpg,31,-821.3979792321506,363.2409990115252,-4106.989896160753,1816.2049950576256,591.1920807727768,14.975927910073612,5.242958974270159,5.51704106682915,0.39592891569019,0.95057475566864,1.0052645206451416,1.6203309297561646,0.0,0.0,0.0,1.0,1.0,gcn,run_1,gcn_ieee33_tp_full_eval_run1_best
TP2,maddpg,31,-804.4164993852378,357.22104876182544,-4022.082496926189,1786.1052438091276,587.7526203306345,14.896791906860352,5.247249455245461,5.518349806654961,0.2956573302226682,0.959229588508606,1.0076205730438232,1.6051313877105713,0.0,0.0,0.0,1.0,1.0,gcn,run_1,gcn_ieee33_tp_full_eval_run1_best
TP3,maddpg,31,-824.5211143387933,357.9731651173105,-4122.605571693966,1789.865825586552,595.5075233077199,15.1408297742239,5.3867490837063885,5.450300828447007,0.3752550926379939,0.9591000080108644,1.003711223602295,1.628997802734375,0.0,0.0,0.0,1.0,1.0,gcn,run_1,gcn_ieee33_tp_full_eval_run1_best
TP4,maddpg,31,-796.9082007751094,353.9023541319682,-3984.541003875547,1769.5117706598403,586.3921809618442,14.865587997980642,5.25077750700084,5.466950636929826,0.2496416293565304,0.9718355536460876,1.0068392753601074,1.603421330451965,0.0,0.0,0.0,1.0,1.0,gcn,run_1,gcn_ieee33_tp_full_eval_run1_best
TP5,maddpg,31,-824.7788256551364,363.32448322007326,-4123.894128275682,1816.622416100367,592.8381561913235,15.027163146795942,5.3139702294668805,5.384040165062629,0.3796752840280533,0.9497730135917664,1.0108351707458496,1.6014209985733032,0.0002270116504421,0.0,0.1612903225806451,0.9996639784946236,1.0,gcn,run_1,gcn_ieee33_tp_full_eval_run1_best
TP6,maddpg,31,-853.7922502225625,402.1466217456668,-4268.9612511128125,2010.7331087283344,592.9930848563662,15.008058891422902,5.266371301320387,5.370449456000971,0.43499439063492,0.9447911977767944,1.0102818012237549,1.5900484323501587,0.0052088175934883,0.0,1.2580645161290325,0.9932795698924732,1.0,gcn,run_1,gcn_ieee33_tp_full_eval_run1_best
TP7,maddpg,31,-814.7456203746399,357.2834628332562,-4073.7281018732,1786.417314166281,592.2427404729365,15.032815708257305,5.331784517216815,5.488333263637177,0.3312148191235078,0.953892707824707,1.0068950653076172,1.638890504837036,0.0,0.0,0.0,1.0,1.0,gcn,run_1,gcn_ieee33_tp_full_eval_run1_best
TP1,maddpg,31,-827.4927866353383,360.1679318777807,-4137.463933176691,1800.839659388903,595.6314255378562,15.134430092093911,5.388130215312889,5.445422167619673,0.397946840632827,0.9507886171340942,1.004267930984497,1.704435110092163,0.0,0.0,0.0,1.0,1.0,gcn,run_2,gcn_ieee33_tp_full_eval_run2_best
TP2,maddpg,31,-810.2079473585071,354.6571501729776,-4051.039736792535,1773.2857508648883,592.0092790518577,15.03232195280968,5.374054098154934,5.436864364693157,0.2972212960563039,0.9614391326904296,1.0062412023544312,1.6919602155685425,0.0,0.0,0.0,1.0,1.0,gcn,run_2,gcn_ieee33_tp_full_eval_run2_best
TP3,maddpg,31,-824.2016719080403,357.8001377821367,-4121.008359540201,1789.0006889106835,595.3149870499527,15.136309184248883,5.39133059635618,5.418984385737337,0.3748941112069353,0.957934558391571,1.0042644739151,1.7012988328933716,0.0,0.0,0.0,1.0,1.0,gcn,run_2,gcn_ieee33_tp_full_eval_run2_best
TP4,maddpg,31,-802.6258723400173,352.088055144509,-4013.129361700087,1760.4402757225448,590.6635609374955,14.98084747032139,5.354415199794386,5.363515919815426,0.250591742736037,0.970808207988739,1.0060291290283203,1.684898018836975,0.0,0.0,0.0,1.0,1.0,gcn,run_2,gcn_ieee33_tp_full_eval_run2_best
TP5,maddpg,31,-846.2754135745661,374.4339020706521,-4231.37706787283,1872.16951035326,597.7547592897677,15.231496822699846,5.506236240711052,5.348333863873347,0.3861396332141212,0.9486038684844972,1.0142114162445068,1.582014560699463,0.0013961364831854,0.0,0.8709677419354839,0.9976478494623656,1.0,gcn,run_2,gcn_ieee33_tp_full_eval_run2_best
TP6,maddpg,31,-924.813403119551,454.6645082451652,-4624.067015597755,2273.322541225826,599.2887260487535,15.292983700987342,5.523160102698331,5.148753316704217,0.4411062989383936,0.9447911977767944,1.0111080408096311,1.5900484323501587,0.0052088175934883,0.0,4.354838709677419,0.9909274193548387,1.0,gcn,run_2,gcn_ieee33_tp_full_eval_run2_best
TP7,maddpg,31,-815.1491400284821,357.90390820774155,-4075.74570014241,1789.5195410387073,592.5691530555841,15.024194299144996,5.331082175103897,5.512377411609005,0.331166395156454,0.9563491344451904,1.006887912750244,1.6972957849502563,0.0,0.0,0.0,1.0,1.0,gcn,run_2,gcn_ieee33_tp_full_eval_run2_best
TP1,mlp_maddpg,31,-828.116523457184,358.8036075646449,-4140.58261728592,1794.0180378232244,596.2512751564326,15.037561909718184,5.344271561185496,4.011629067154583,0.3963999994579822,0.9522632956504822,1.002491474151611,1.5713332891464231,0.0,0.0,0.0,1.0,1.0,mlp,run_0,mlp_ieee33_tp_full_eval_run0_best
TP2,mlp_maddpg,31,-809.8797179116597,352.9070064173611,-4049.398589558298,1764.5350320868058,591.901915834053,14.93060289387214,5.316414005005915,3.937579787169855,0.2957439125385335,0.961551308631897,1.00418221950531,1.5314120054244995,0.0,0.0,0.0,1.0,1.0,mlp,run_0,mlp_ieee33_tp_full_eval_run0_best
TP3,mlp_maddpg,31,-823.9898257263785,357.49147705761686,-4119.949128631893,1787.4573852880849,595.2835811845133,15.014196288485056,5.338350540067012,4.00374834110513,0.3734525962662632,0.9595069289207458,1.0023689270019531,1.5571653842926023,0.0,0.0,0.0,1.0,1.0,mlp,run_0,mlp_ieee33_tp_full_eval_run0_best
TP4,mlp_maddpg,31,-801.564163364506,350.0426711430641,-4007.82081682253,1750.2133557153204,589.9579879514099,14.882651580337004,5.30550388295882,3.917458922008188,0.2494339293409739,0.970841944217682,1.0044729709625244,1.5286186933517456,0.0,0.0,0.0,1.0,1.0,mlp,run_0,mlp_ieee33_tp_full_eval_run0_best
TP5,mlp_maddpg,31,-830.1606639464716,359.55360031888944,-4150.803319732358,1797.7680015944477,595.482844588611,15.01813203465094,5.346557873474745,3.976095565388346,0.3794212058306702,0.9486038684844972,1.0057814121246338,1.5846452713012695,0.0013961364831814,0.0,0.2580645161290322,0.997983870967742,1.0,mlp,run_0,mlp_ieee33_tp_full_eval_run0_best
TP6,mlp_maddpg,31,-877.6731898918372,402.6798099123656,-4388.365949459187,2013.399049561828,597.8813294641159,15.076400602089471,5.36673317425455,3.952702011135427,0.4352165029574466,0.9447911977767944,1.0051449537277222,1.5900484323501587,0.0052088175934829,0.0,2.129032258064516,0.984206989247312,1.0,mlp,run_0,mlp_ieee33_tp_full_eval_run0_best
TP7,mlp_maddpg,31,-816.9308529017193,355.3358864332216,-4084.654264508597,1776.6794321661075,593.8988634672311,14.979725845154803,5.327657796584616,3.965348831421071,0.3313720785081386,0.957115113735199,1.0034055709838867,1.5372847318649292,0.0,0.0,0.0,1.0,1.0,mlp,run_0,mlp_ieee33_tp_full_eval_run0_best
TP1,mlp_maddpg,31,-861.8214720578924,353.324733967273,-4309.107360289462,1766.6236698363648,619.5247135291804,15.550195547066432,5.870608238311131,3.51115677277357,0.4058488209641749,0.9500952959060668,1.0051426887512207,1.69334077835083,0.0,0.0,0.0967741935483871,1.0,1.0,mlp,run_1,mlp_ieee33_tp_full_eval_run1_best
TP2,mlp_maddpg,31,-839.952378914337,347.58931030007403,-4199.761894571685,1737.9465515003708,614.0888088897058,15.412180277983287,5.842489555037248,3.5129962477096006,0.3029322723948186,0.95864599943161,1.0100499391555786,1.687241792678833,0.0,0.0,0.0,1.0,1.0,mlp,run_1,mlp_ieee33_tp_full_eval_run1_best
TP3,mlp_maddpg,31,-855.3609813346737,352.56514771352136,-4276.804906673369,1762.8257385676072,618.3237905634401,15.5207973189178,5.866319965759591,3.5135317729867794,0.3821207220836352,0.9540174007415771,1.004704833030701,1.7116668224334717,0.0,0.0,0.0,1.0,1.0,mlp,run_1,mlp_ieee33_tp_full_eval_run1_best
TP4,mlp_maddpg,31,-830.7165075295635,344.6804071552343,-4153.582537647818,1723.4020357761715,611.5414513753342,15.347602839958958,5.831126304977549,3.521790549243717,0.2555336882310208,0.969148337841034,1.0081830024719238,1.6663265228271484,0.0,0.0,0.0,1.0,1.0,mlp,run_1,mlp_ieee33_tp_full_eval_run1_best
TP5,mlp_maddpg,31,-864.3692845029457,353.7780990998913,-4321.846422514728,1768.8904954994566,618.5701747184104,15.527605259842296,5.860867021066189,3.5076872252000486,0.3896776060824112,0.9486038684844972,1.007141351699829,1.6356230974197388,0.0013961364831814,0.0,0.3870967741935484,0.9973118279569892,1.0,mlp,run_1,mlp_ieee33_tp_full_eval_run1_best
TP6,mlp_maddpg,31,-931.1888894990328,406.5863660328501,-4655.944447495163,2032.9318301642495,619.8635724878934,15.560041268671338,5.850899034817987,3.4453074954037857,0.4464027434988047,0.9447911977767944,1.0043623447418213,1.5900484323501587,0.0052088175934829,0.0,3.290322580645161,0.984543010752688,1.0,mlp,run_1,mlp_ieee33_tp_full_eval_run1_best
TP7,mlp_maddpg,31,-847.6853177939212,350.17237259493146,-4238.426588969605,1750.8618629746577,616.5348585333218,15.472736802216504,5.852287610875724,3.517144228589769,0.3393614496034319,0.9533769488334656,1.0092331171035769,1.6934435367584229,0.0,0.0,0.0,1.0,1.0,mlp,run_1,mlp_ieee33_tp_full_eval_run1_best
TP1,mlp_maddpg,31,-837.7923824191183,360.84072009756727,-4188.961912095592,1804.2036004878369,600.6260853957125,15.08663173761295,5.411357436219606,4.130813136298259,0.3971007731693086,0.950028657913208,1.0034325122833252,1.6568703651428225,0.0,0.0,0.1935483870967742,1.0,1.0,mlp,run_2,mlp_ieee33_tp_full_eval_run2_best
TP2,mlp_maddpg,31,-816.620730683793,354.9165937991809,-4083.1036534189648,1774.5829689959044,597.0383728303616,14.986317300211804,5.399865993609349,4.053320259026063,0.295927531476463,0.957215130329132,1.0028691291809082,1.695482611656189,0.0,0.0,0.0,1.0,1.0,mlp,run_2,mlp_ieee33_tp_full_eval_run2_best
TP3,mlp_maddpg,31,-830.1400096096128,358.8849800342629,-4150.700048048065,1794.424900171315,599.9405628646724,15.065522019226297,5.411642319078643,4.116272551173237,0.3739434837573959,0.9561290144920348,1.0036072731018066,1.7212095260620115,0.0,0.0,0.0,1.0,1.0,mlp,run_2,mlp_ieee33_tp_full_eval_run2_best
TP4,mlp_maddpg,31,-808.5149645036026,352.48892560020914,-4042.574822518013,1762.4446280010454,595.2643723145312,14.938302796776702,5.395341178178125,4.019104763868119,0.2494999604119408,0.967643678188324,1.0052707195281982,1.6855071783065796,0.0,0.0,0.0,1.0,1.0,mlp,run_2,mlp_ieee33_tp_full_eval_run2_best
TP5,mlp_maddpg,31,-866.0358863210847,403.2983997382729,-4330.179431605423,2016.4919986913649,599.2241927518037,15.048209410149692,5.402562433361523,4.037683812610749,0.3796287962706178,0.9486038684844972,1.0140092372894287,1.5846452713012695,0.0013961364831814,0.0,1.8064516129032255,0.9973118279569892,1.0,mlp,run_2,mlp_ieee33_tp_full_eval_run2_best
TP6,mlp_maddpg,31,-954.0484887148584,484.5416342966722,-4770.242443574292,2422.708171483362,600.497548755302,15.081043852690248,5.402988904701411,3.9526791603042857,0.4357273682991984,0.9447911977767944,1.0078871250152588,1.5900484323501587,0.0052088175934829,0.0,5.774193548387097,0.984543010752688,1.0,mlp,run_2,mlp_ieee33_tp_full_eval_run2_best
TP7,mlp_maddpg,31,-823.3430240957351,357.231653650471,-4116.715120478676,1786.1582682523551,598.8571529619162,15.034292203353234,5.405808976429517,4.085010438411954,0.3308061894069436,0.9519785046577454,1.004172682762146,1.7061731815338137,0.0,0.0,0.0,1.0,1.0,mlp,run_2,mlp_ieee33_tp_full_eval_run2_best
TP1,maddpg,31,-838.5329900950735,356.32960715729865,-4192.664950475367,1781.648035786493,601.3828289089478,15.276136202932731,5.523639150952195,5.299430561849843,0.3997076192209797,0.9500461220741272,1.0029034614562988,1.790703296661377,0.0,0.0,0.1612903225806451,1.0,1.0,tagconv,run_0,tagconv_ieee33_tp_full_eval_run0_best
TP2,maddpg,31,-818.7415986864797,352.1857369605344,-4093.707993432399,1760.9286848026725,598.3833655123101,15.191657886826103,5.516407007415398,5.302067738523618,0.2982692953639774,0.95853191614151,1.0047582387924194,1.846303105354309,0.0,0.0,0.0,1.0,1.0,tagconv,run_0,tagconv_ieee33_tp_full_eval_run0_best
TP3,maddpg,31,-834.202914954767,357.13482977323474,-4171.014574773835,1785.6741488661737,602.7499235926525,15.28283973751962,5.52484941351795,5.166361680984895,0.3765948041472384,0.9523643851280212,1.0045157670974731,1.860421657562256,0.0,0.0,0.0,1.0,1.0,tagconv,run_0,tagconv_ieee33_tp_full_eval_run0_best
TP4,maddpg,31,-811.6992878001544,351.50755351991654,-4058.496439000772,1757.5377675995826,597.4825230807592,15.1336460532573,5.489474023758088,5.155537657811462,0.2513614980283604,0.9690201878547668,1.004844307899475,1.837576985359192,0.0,0.0,0.0,1.0,1.0,tagconv,run_0,tagconv_ieee33_tp_full_eval_run0_best
TP5,maddpg,31,-895.3709922097157,395.431332600628,-4476.854961048579,1977.15666300314,597.1327845509354,15.212040673165982,5.482891891703105,5.090928772887045,0.38274651577556,0.9486038684844972,1.0100533962249756,1.5921061038970947,0.0013961364831814,0.0,3.3870967741935485,0.9973118279569892,1.0,tagconv,run_0,tagconv_ieee33_tp_full_eval_run0_best
TP6,maddpg,31,-944.958633613298,457.0788460594943,-4724.79316806649,2285.3942302974715,595.8119428067579,15.167710677216686,5.419929038449046,5.035189082483466,0.4374598343205708,0.9447911977767944,1.008208155632019,1.5900484323501587,0.0052088175934829,0.0,5.612903225806452,0.98622311827957,1.0,tagconv,run_0,tagconv_ieee33_tp_full_eval_run0_best
TP7,maddpg,31,-825.5004562545162,352.0083473468342,-4127.502281272581,1760.0417367341713,600.1716256905906,15.26202710856816,5.564220532212947,5.219072909543573,0.3335459260370142,0.9526959657669068,1.004856824874878,1.8528732061386108,0.0,0.0,0.0,1.0,1.0,tagconv,run_0,tagconv_ieee33_tp_full_eval_run0_best
TP1,maddpg,31,-840.1955094118633,350.6268482403122,-4200.977547059317,1753.1342412015613,604.9321339215697,15.293979180583936,5.684156850269939,4.068563894934697,0.4010936503088282,0.9515268802642822,1.0033886432647705,1.6312034130096436,0.0,0.0,0.0,1.0,1.0,tagconv,run_1,tagconv_ieee33_tp_full_eval_run1_best
TP2,maddpg,31,-823.2299218859914,344.6953197366034,-4116.149609429957,1723.4765986830166,601.6230630660352,15.21860873824263,5.688442555826677,4.073982273725735,0.2996223453552492,0.9615721702575684,1.0047465562820437,1.6193591356277466,0.0,0.0,0.0,1.0,1.0,tagconv,run_1,tagconv_ieee33_tp_full_eval_run1_best
TP3,maddpg,31,-841.0476102936217,346.8136527890015,-4205.238051468108,1734.068263945008,607.659320428948,15.374330919670737,5.745155223466777,4.0415856098264245,0.3791680869756527,0.9589889049530028,1.003387689590454,1.6137839555740356,0.0,0.0,0.0,1.0,1.0,tagconv,run_1,tagconv_ieee33_tp_full_eval_run1_best
TP4,maddpg,31,-820.829632801851,339.12721232217024,-4104.148164009255,1695.6360616108514,604.117920315778,15.307637900487546,5.792994233522266,4.084231942984718,0.2538552028076943,0.9702085256576538,1.004136085510254,1.5983465909957886,0.0,0.0,0.0,1.0,1.0,tagconv,run_1,tagconv_ieee33_tp_full_eval_run1_best
TP5,maddpg,31,-844.9031628402596,353.7619943297602,-4224.515814201298,1768.8099716488011,608.2055181270262,15.322473958349796,5.695802369290729,4.017554412676808,0.3840277033948129,0.949154794216156,1.013872146606445,1.6131383180618286,0.0008452066770849,0.0,0.1290322580645161,0.9986559139784946,1.0,tagconv,run_1,tagconv_ieee33_tp_full_eval_run1_best
TP6,maddpg,31,-861.5818574741603,367.2728329436037,-4307.909287370801,1836.3641647180184,605.848413844903,15.25354573456334,5.6323496409781,3.810043555048181,0.4391646840038799,0.9447911977767944,1.00626540184021,1.5900484323501587,0.0052088175934829,0.0,0.7741935483870968,0.9936155913978494,1.0,tagconv,run_1,tagconv_ieee33_tp_full_eval_run1_best
TP7,maddpg,31,-831.878405229564,348.0290643858005,-4159.392026147821,1740.1453219290029,604.8838042901905,15.286558008610434,5.692060787577242,4.102692265791079,0.3349551940837534,0.9568192958831788,1.0042977333068848,1.6196528673171997,0.0,0.0,0.0,1.0,1.0,tagconv,run_1,tagconv_ieee33_tp_full_eval_run1_best
TP1,maddpg,31,-821.9647707889758,364.3625712409278,-4109.823853944879,1821.8128562046384,591.2792908406442,14.903213840539363,5.202013043137037,4.718336898213186,0.3944955406490192,0.9500481486320496,1.0042437314987185,1.6848702430725098,0.0,0.0,0.032258064516129,1.0,1.0,tagconv,run_2,tagconv_ieee33_tp_full_eval_run2_best
TP2,maddpg,31,-804.1406819445847,358.69476358008296,-4020.7034097229234,1793.4738179004146,587.6909531449957,14.81644096507964,5.19885939607007,4.737542765703178,0.2942682832719818,0.95902019739151,1.0045945644378662,1.6876786947250366,0.0,0.0,0.0,1.0,1.0,tagconv,run_2,tagconv_ieee33_tp_full_eval_run2_best
TP3,maddpg,31,-821.7484662411945,360.4099616870454,-4108.742331205973,1802.0498084352264,593.561536662059,15.009232539159717,5.309276032578217,4.840384835850037,0.373599766443173,0.9545717239379884,1.0055721998214722,1.7168874740600586,0.0,0.0,0.0,1.0,1.0,tagconv,run_2,tagconv_ieee33_tp_full_eval_run2_best
TP4,maddpg,31,-801.1335493916134,353.1190683349434,-4005.6677469580673,1765.5953416747168,589.6007390954982,14.910534007900669,5.311392239346712,4.873432295049319,0.2496723219431856,0.9691604375839232,1.0041203498840332,1.7010236978530884,0.0,0.0,0.0,1.0,1.0,tagconv,run_2,tagconv_ieee33_tp_full_eval_run2_best
TP5,maddpg,31,-831.0622118509294,368.6789075019884,-4155.311059254647,1843.3945375099424,591.9302289984008,14.878278888873435,5.214318338082226,4.513432066820495,0.3778316248809137,0.9486038684844972,1.0158623456954956,1.6174421310424805,0.0013961364831814,0.0,0.5483870967741935,0.9973118279569892,1.0,tagconv,run_2,tagconv_ieee33_tp_full_eval_run2_best
TP6,maddpg,31,-895.1509218055695,405.2345609058385,-4475.754609027847,2026.1728045291927,591.2941730760974,14.883774090349087,5.189200771455119,4.507790800908023,0.4328870703816734,0.9447911977767944,1.0139344930648804,1.5900484323501587,0.0052088175934829,0.0,3.4516129032258065,0.9825268817204302,1.0,tagconv,run_2,tagconv_ieee33_tp_full_eval_run2_best
TP7,maddpg,31,-812.2724350954496,361.9892448679505,-4061.362175477248,1809.946224339752,590.584300685518,14.876000913255504,5.203279215187664,4.654430869879722,0.3292050802659604,0.9539931416511536,1.0047123432159424,1.693225622177124,0.0,0.0,0.0,1.0,1.0,tagconv,run_2,tagconv_ieee33_tp_full_eval_run2_best
