model_name,model_type,checkpoint,device,mode,episode_id,start_index,step,inference_time_s,inference_time_ms,control_interval_s,time_fraction_of_control_interval
mlp_run_2,mlp_no_gnn,results/models/IEEE33/mlp/run_2.pt,cpu,test,0,32064,0,0.0015269643627107143,1.5269643627107143,900.0,1.6966270696785715e-06
mlp_run_2,mlp_no_gnn,results/models/IEEE33/mlp/run_2.pt,cpu,test,0,32064,1,0.0014626472257077694,1.4626472257077694,900.0,1.6251635841197437e-06
mlp_run_2,mlp_no_gnn,results/models/IEEE33/mlp/run_2.pt,cpu,test,0,32064,2,0.0014841589145362377,1.4841589145362377,900.0,1.6490654605958198e-06
mlp_run_2,mlp_no_gnn,results/models/IEEE33/mlp/run_2.pt,cpu,test,0,32064,3,0.0014970949850976467,1.4970949850976467,900.0,1.6634388723307185e-06
mlp_run_2,mlp_no_gnn,results/models/IEEE33/mlp/run_2.pt,cpu,test,0,32064,4,0.001473515760153532,1.473515760153532,900.0,1.6372397335039245e-06
mlp_run_2,mlp_no_gnn,results/models/IEEE33/mlp/run_2.pt,cpu,test,0,32064,5,0.0014686877839267254,1.4686877839267254,900.0,1.6318753154741393e-06
mlp_run_2,mlp_no_gnn,results/models/IEEE33/mlp/run_2.pt,cpu,test,0,32064,6,0.001483607105910778,1.483607105910778,900.0,1.6484523399008644e-06
mlp_run_2,mlp_no_gnn,results/models/IEEE33/mlp/run_2.pt,cpu,test,0,32064,7,0.0015426967293024063,1.5426967293024063,900.0,1.7141074770026736e-06
mlp_run_2,mlp_no_gnn,results/models/IEEE33/mlp/run_2.pt,cpu,test,0,32064,8,0.0014932109043002129,1.4932109043002129,900.0,1.6591232270002365e-06
mlp_run_2,mlp_no_gnn,results/models/IEEE33/mlp/run_2.pt,cpu,test,0,32064,9,0.0015211598947644234,1.5211598947644234,900.0,1.6901776608493593e-06
mlp_run_2,mlp_no_gnn,results/models/IEEE33/mlp/run_2.pt,cpu,test,0,32064,10,0.001517097931355238,1.517097931355238,900.0,1.6856643681724865e-06
mlp_run_2,mlp_no_gnn,results/models/IEEE33/mlp/run_2.pt,cpu,test,0,32064,11,0.0014586313627660275,1.4586313627660275,900.0,1.6207015141844749e-06
mlp_run_2,mlp_no_gnn,results/models/IEEE33/mlp/run_2.pt,cpu,test,0,32064,12,0.0014832918532192707,1.4832918532192707,900.0,1.648102059132523e-06
mlp_run_2,mlp_no_gnn,results/models/IEEE33/mlp/run_2.pt,cpu,test,0,32064,13,0.00150721101090312,1.50721101090312,900.0,1.6746789010034667e-06
mlp_run_2,mlp_no_gnn,results/models/IEEE33/mlp/run_2.pt,cpu,test,0,32064,14,0.001494240015745163,1.494240015745163,900.0,1.660266684161292e-06
mlp_run_2,mlp_no_gnn,results/models/IEEE33/mlp/run_2.pt,cpu,test,0,32064,15,0.0014791381545364857,1.4791381545364857,900.0,1.643486838373873e-06
mlp_run_2,mlp_no_gnn,results/models/IEEE33/mlp/run_2.pt,cpu,test,0,32064,16,0.0014809062704443932,1.4809062704443932,900.0,1.6454514116048813e-06
mlp_run_2,mlp_no_gnn,results/models/IEEE33/mlp/run_2.pt,cpu,test,0,32064,17,0.0015374822542071342,1.5374822542071342,900.0,1.7083136157857048e-06
mlp_run_2,mlp_no_gnn,results/models/IEEE33/mlp/run_2.pt,cpu,test,0,32064,18,0.0014240480959415436,1.4240480959415436,900.0,1.5822756621572706e-06
mlp_run_2,mlp_no_gnn,results/models/IEEE33/mlp/run_2.pt,cpu,test,0,32064,19,0.0015162061899900436,1.5162061899900436,900.0,1.6846735444333818e-06
mlp_run_2,mlp_no_gnn,results/models/IEEE33/mlp/run_2.pt,cpu,test,0,32064,20,0.0014934339560568333,1.4934339560568333,900.0,1.6593710622853703e-06
mlp_run_2,mlp_no_gnn,results/models/IEEE33/mlp/run_2.pt,cpu,test,0,32064,21,0.0014991038478910923,1.4991038478910923,900.0,1.6656709421012137e-06
mlp_run_2,mlp_no_gnn,results/models/IEEE33/mlp/run_2.pt,cpu,test,0,32064,22,0.001507023349404335,1.507023349404335,900.0,1.6744703882270389e-06
mlp_run_2,mlp_no_gnn,results/models/IEEE33/mlp/run_2.pt,cpu,test,0,32064,23,0.0014813980087637901,1.4813980087637901,900.0,1.6459977875153225e-06
mlp_run_2,mlp_no_gnn,results/models/IEEE33/mlp/run_2.pt,cpu,test,0,32064,24,0.0015320098027586937,1.5320098027586937,900.0,1.7022331141763262e-06
mlp_run_2,mlp_no_gnn,results/models/IEEE33/mlp/run_2.pt,cpu,test,0,32064,25,0.0015246556140482426,1.5246556140482426,900.0,1.694061793386936e-06
mlp_run_2,mlp_no_gnn,results/models/IEEE33/mlp/run_2.pt,cpu,test,0,32064,26,0.0015202700160443783,1.5202700160443783,900.0,1.6891889067159758e-06
mlp_run_2,mlp_no_gnn,results/models/IEEE33/mlp/run_2.pt,cpu,test,0,32064,27,0.004746207036077976,4.746207036077976,900.0,5.273563373419974e-06
mlp_run_2,mlp_no_gnn,results/models/IEEE33/mlp/run_2.pt,cpu,test,0,32064,28,0.0017267190851271152,1.7267190851271152,900.0,1.91857676125235e-06
mlp_run_2,mlp_no_gnn,results/models/IEEE33/mlp/run_2.pt,cpu,test,0,32064,29,0.0012254412285983562,1.2254412285983562,900.0,1.3616013651092848e-06
mlp_run_2,mlp_no_gnn,results/models/IEEE33/mlp/run_2.pt,cpu,test,0,32064,30,0.0012598088942468166,1.2598088942468166,900.0,1.3997876602742407e-06
mlp_run_2,mlp_no_gnn,results/models/IEEE33/mlp/run_2.pt,cpu,test,0,32064,31,0.0010372740216553211,1.0372740216553211,900.0,1.1525266907281345e-06
mlp_run_2,mlp_no_gnn,results/models/IEEE33/mlp/run_2.pt,cpu,test,0,32064,32,0.0010451842099428177,1.0451842099428177,900.0,1.161315788825353e-06
mlp_run_2,mlp_no_gnn,results/models/IEEE33/mlp/run_2.pt,cpu,test,0,32064,33,0.0010996987111866474,1.0996987111866474,900.0,1.2218874568740526e-06
mlp_run_2,mlp_no_gnn,results/models/IEEE33/mlp/run_2.pt,cpu,test,0,32064,34,0.000986041035503149,0.986041035503149,900.0,1.0956011505590545e-06
mlp_run_2,mlp_no_gnn,results/models/IEEE33/mlp/run_2.pt,cpu,test,0,32064,35,0.0009014359675347805,0.9014359675347805,900.0,1.0015955194830894e-06
mlp_run_2,mlp_no_gnn,results/models/IEEE33/mlp/run_2.pt,cpu,test,0,32064,36,0.0011913739144802094,1.1913739144802094,900.0,1.3237487938668993e-06
mlp_run_2,mlp_no_gnn,results/models/IEEE33/mlp/run_2.pt,cpu,test,0,32064,37,0.0010252571664750576,1.0252571664750576,900.0,1.1391746294167307e-06
mlp_run_2,mlp_no_gnn,results/models/IEEE33/mlp/run_2.pt,cpu,test,0,32064,38,0.0008944859728217125,0.8944859728217125,900.0,9.938733031352362e-07
mlp_run_2,mlp_no_gnn,results/models/IEEE33/mlp/run_2.pt,cpu,test,0,32064,39,0.001104376744478941,1.104376744478941,900.0,1.2270852716432676e-06
mlp_run_2,mlp_no_gnn,results/models/IEEE33/mlp/run_2.pt,cpu,test,0,32064,40,0.0008939062245190144,0.8939062245190144,900.0,9.932291383544603e-07
mlp_run_2,mlp_no_gnn,results/models/IEEE33/mlp/run_2.pt,cpu,test,0,32064,41,0.000958386342972517,0.958386342972517,900.0,1.0648737144139078e-06
mlp_run_2,mlp_no_gnn,results/models/IEEE33/mlp/run_2.pt,cpu,test,0,32064,42,0.0011264188215136528,1.1264188215136528,900.0,1.251576468348503e-06
mlp_run_2,mlp_no_gnn,results/models/IEEE33/mlp/run_2.pt,cpu,test,0,32064,43,0.000998765230178833,0.998765230178833,900.0,1.1097391446431477e-06
mlp_run_2,mlp_no_gnn,results/models/IEEE33/mlp/run_2.pt,cpu,test,0,32064,44,0.001085661817342043,1.085661817342043,900.0,1.2062909081578254e-06
mlp_run_2,mlp_no_gnn,results/models/IEEE33/mlp/run_2.pt,cpu,test,0,32064,45,0.001212292816489935,1.212292816489935,900.0,1.34699201832215e-06
mlp_run_2,mlp_no_gnn,results/models/IEEE33/mlp/run_2.pt,cpu,test,0,32064,46,0.0010166452266275883,1.0166452266275883,900.0,1.129605807363987e-06
mlp_run_2,mlp_no_gnn,results/models/IEEE33/mlp/run_2.pt,cpu,test,0,32064,47,0.0010101571679115295,1.0101571679115295,900.0,1.1223968532350328e-06
mlp_run_2,mlp_no_gnn,results/models/IEEE33/mlp/run_2.pt,cpu,test,0,32064,48,0.0010133679024875164,1.0133679024875164,900.0,1.1259643360972403e-06
mlp_run_2,mlp_no_gnn,results/models/IEEE33/mlp/run_2.pt,cpu,test,0,32064,49,0.0009981859475374222,0.9981859475374222,900.0,1.1090954972638025e-06
mlp_run_2,mlp_no_gnn,results/models/IEEE33/mlp/run_2.pt,cpu,test,0,32064,50,0.001125328242778778,1.125328242778778,900.0,1.2503647141986424e-06
mlp_run_2,mlp_no_gnn,results/models/IEEE33/mlp/run_2.pt,cpu,test,0,32064,51,0.0011459770612418652,1.1459770612418652,900.0,1.2733078458242947e-06
mlp_run_2,mlp_no_gnn,results/models/IEEE33/mlp/run_2.pt,cpu,test,0,32064,52,0.0011837552301585674,1.1837552301585674,900.0,1.315283589065075e-06
mlp_run_2,mlp_no_gnn,results/models/IEEE33/mlp/run_2.pt,cpu,test,0,32064,53,0.000981516670435667,0.981516670435667,900.0,1.0905740782618522e-06
mlp_run_2,mlp_no_gnn,results/models/IEEE33/mlp/run_2.pt,cpu,test,0,32064,54,0.0010116319172084332,1.0116319172084332,900.0,1.1240354635649258e-06
mlp_run_2,mlp_no_gnn,results/models/IEEE33/mlp/run_2.pt,cpu,test,0,32064,55,0.0011247028596699238,1.1247028596699238,900.0,1.249669844077693e-06
mlp_run_2,mlp_no_gnn,results/models/IEEE33/mlp/run_2.pt,cpu,test,0,32064,56,0.0009137019515037537,0.9137019515037537,900.0,1.0152243905597264e-06
mlp_run_2,mlp_no_gnn,results/models/IEEE33/mlp/run_2.pt,cpu,test,0,32064,57,0.0009437012486159801,0.9437012486159801,900.0,1.0485569429066447e-06
mlp_run_2,mlp_no_gnn,results/models/IEEE33/mlp/run_2.pt,cpu,test,0,32064,58,0.0009356779046356678,0.9356779046356678,900.0,1.039642116261853e-06
mlp_run_2,mlp_no_gnn,results/models/IEEE33/mlp/run_2.pt,cpu,test,0,32064,59,0.001109495759010315,1.109495759010315,900.0,1.2327730655670167e-06
mlp_run_2,mlp_no_gnn,results/models/IEEE33/mlp/run_2.pt,cpu,test,0,32064,60,0.0011546607129275799,1.1546607129275799,900.0,1.282956347697311e-06
mlp_run_2,mlp_no_gnn,results/models/IEEE33/mlp/run_2.pt,cpu,test,0,32064,61,0.0010207830928266048,1.0207830928266048,900.0,1.1342034364740054e-06
mlp_run_2,mlp_no_gnn,results/models/IEEE33/mlp/run_2.pt,cpu,test,0,32064,62,0.0011605829931795597,1.1605829931795597,900.0,1.2895366590883997e-06
mlp_run_2,mlp_no_gnn,results/models/IEEE33/mlp/run_2.pt,cpu,test,0,32064,63,0.001063177827745676,1.063177827745676,900.0,1.1813086974951957e-06
mlp_run_2,mlp_no_gnn,results/models/IEEE33/mlp/run_2.pt,cpu,test,0,32064,64,0.0011827293783426285,1.1827293783426285,900.0,1.3141437537140317e-06
mlp_run_2,mlp_no_gnn,results/models/IEEE33/mlp/run_2.pt,cpu,test,0,32064,65,0.0008739037439227104,0.8739037439227104,900.0,9.710041599141227e-07
mlp_run_2,mlp_no_gnn,results/models/IEEE33/mlp/run_2.pt,cpu,test,0,32064,66,0.001123917754739523,1.123917754739523,900.0,1.2487975052661367e-06
mlp_run_2,mlp_no_gnn,results/models/IEEE33/mlp/run_2.pt,cpu,test,0,32064,67,0.0008709118701517582,0.8709118701517582,900.0,9.676798557241758e-07
mlp_run_2,mlp_no_gnn,results/models/IEEE33/mlp/run_2.pt,cpu,test,0,32064,68,0.0010993941687047482,1.0993941687047482,900.0,1.221549076338609e-06
mlp_run_2,mlp_no_gnn,results/models/IEEE33/mlp/run_2.pt,cpu,test,0,32064,69,0.0010617449879646301,1.0617449879646301,900.0,1.1797166532940336e-06
mlp_run_2,mlp_no_gnn,results/models/IEEE33/mlp/run_2.pt,cpu,test,0,32064,70,0.0011551231145858765,1.1551231145858765,900.0,1.2834701273176406e-06
mlp_run_2,mlp_no_gnn,results/models/IEEE33/mlp/run_2.pt,cpu,test,0,32064,71,0.0011227168142795563,1.1227168142795563,900.0,1.2474631269772848e-06
mlp_run_2,mlp_no_gnn,results/models/IEEE33/mlp/run_2.pt,cpu,test,0,32064,72,0.0011327732354402542,1.1327732354402542,900.0,1.258636928266949e-06
mlp_run_2,mlp_no_gnn,results/models/IEEE33/mlp/run_2.pt,cpu,test,0,32064,73,0.0013812016695737839,1.3812016695737839,900.0,1.5346685217486487e-06
mlp_run_2,mlp_no_gnn,results/models/IEEE33/mlp/run_2.pt,cpu,test,0,32064,74,0.0018711560405790806,1.8711560405790806,900.0,2.0790622673100896e-06
mlp_run_2,mlp_no_gnn,results/models/IEEE33/mlp/run_2.pt,cpu,test,0,32064,75,0.0011672149412333965,1.1672149412333965,900.0,1.2969054902593295e-06
mlp_run_2,mlp_no_gnn,results/models/IEEE33/mlp/run_2.pt,cpu,test,0,32064,76,0.0010426226072013378,1.0426226072013378,900.0,1.158469563557042e-06
mlp_run_2,mlp_no_gnn,results/models/IEEE33/mlp/run_2.pt,cpu,test,0,32064,77,0.0010916017927229404,1.0916017927229404,900.0,1.2128908808032672e-06
mlp_run_2,mlp_no_gnn,results/models/IEEE33/mlp/run_2.pt,cpu,test,0,32064,78,0.0011243480257689953,1.1243480257689953,900.0,1.2492755841877726e-06
mlp_run_2,mlp_no_gnn,results/models/IEEE33/mlp/run_2.pt,cpu,test,0,32064,79,0.0011009201407432556,1.1009201407432556,900.0,1.2232446008258395e-06
mlp_run_2,mlp_no_gnn,results/models/IEEE33/mlp/run_2.pt,cpu,test,0,32064,80,0.0009178188629448414,0.9178188629448414,900.0,1.0197987366053794e-06
mlp_run_2,mlp_no_gnn,results/models/IEEE33/mlp/run_2.pt,cpu,test,0,32064,81,0.0010730111971497536,1.0730111971497536,900.0,1.1922346634997262e-06
mlp_run_2,mlp_no_gnn,results/models/IEEE33/mlp/run_2.pt,cpu,test,0,32064,82,0.0010788212530314922,1.0788212530314922,900.0,1.1986902811461024e-06
mlp_run_2,mlp_no_gnn,results/models/IEEE33/mlp/run_2.pt,cpu,test,0,32064,83,0.0011838399805128574,1.1838399805128574,900.0,1.3153777561253972e-06
mlp_run_2,mlp_no_gnn,results/models/IEEE33/mlp/run_2.pt,cpu,test,0,32064,84,0.0012154034338891506,1.2154034338891506,900.0,1.350448259876834e-06
mlp_run_2,mlp_no_gnn,results/models/IEEE33/mlp/run_2.pt,cpu,test,0,32064,85,0.0011379169300198555,1.1379169300198555,900.0,1.2643521444665061e-06
mlp_run_2,mlp_no_gnn,results/models/IEEE33/mlp/run_2.pt,cpu,test,0,32064,86,0.0012128031812608242,1.2128031812608242,900.0,1.3475590902898048e-06
mlp_run_2,mlp_no_gnn,results/models/IEEE33/mlp/run_2.pt,cpu,test,0,32064,87,0.0010985308326780796,1.0985308326780796,900.0,1.2205898140867551e-06
mlp_run_2,mlp_no_gnn,results/models/IEEE33/mlp/run_2.pt,cpu,test,0,32064,88,0.0012394431978464127,1.2394431978464127,900.0,1.3771591087182363e-06
mlp_run_2,mlp_no_gnn,results/models/IEEE33/mlp/run_2.pt,cpu,test,0,32064,89,0.001098921988159418,1.098921988159418,900.0,1.2210244312882424e-06
mlp_run_2,mlp_no_gnn,results/models/IEEE33/mlp/run_2.pt,cpu,test,0,32064,90,0.0009839809499680996,0.9839809499680996,900.0,1.0933121666312217e-06
mlp_run_2,mlp_no_gnn,results/models/IEEE33/mlp/run_2.pt,cpu,test,0,32064,91,0.0011221407912671566,1.1221407912671566,900.0,1.2468231014079517e-06
mlp_run_2,mlp_no_gnn,results/models/IEEE33/mlp/run_2.pt,cpu,test,0,32064,92,0.0009385268203914165,0.9385268203914165,900.0,1.042807578212685e-06
mlp_run_2,mlp_no_gnn,results/models/IEEE33/mlp/run_2.pt,cpu,test,0,32064,93,0.001156770158559084,1.156770158559084,900.0,1.28530017617676e-06
mlp_run_2,mlp_no_gnn,results/models/IEEE33/mlp/run_2.pt,cpu,test,0,32064,94,0.0010730917565524578,1.0730917565524578,900.0,1.1923241739471752e-06
mlp_run_2,mlp_no_gnn,results/models/IEEE33/mlp/run_2.pt,cpu,test,0,32064,95,0.0011053672060370445,1.1053672060370445,900.0,1.228185784485605e-06
