model_name,gnn_type,checkpoint,device,mode,episode_id,start_index,step,inference_time_s,inference_time_ms,control_interval_s,time_fraction_of_control_interval
gcn_run_2,gcn,results/models/IEEE33/gcn/run_2.pt,cpu,test,0,32064,0,0.004790437873452902,4.790437873452902,900.0,5.322708748281002e-06
gcn_run_2,gcn,results/models/IEEE33/gcn/run_2.pt,cpu,test,0,32064,1,0.004675073083490133,4.675073083490133,900.0,5.1945256483223704e-06
gcn_run_2,gcn,results/models/IEEE33/gcn/run_2.pt,cpu,test,0,32064,2,0.004757536109536886,4.757536109536886,900.0,5.286151232818763e-06
gcn_run_2,gcn,results/models/IEEE33/gcn/run_2.pt,cpu,test,0,32064,3,0.00478430325165391,4.78430325165391,900.0,5.3158925018376775e-06
gcn_run_2,gcn,results/models/IEEE33/gcn/run_2.pt,cpu,test,0,32064,4,0.004787536803632975,4.787536803632975,900.0,5.319485337369971e-06
gcn_run_2,gcn,results/models/IEEE33/gcn/run_2.pt,cpu,test,0,32064,5,0.004667944274842739,4.667944274842739,900.0,5.186604749825266e-06
gcn_run_2,gcn,results/models/IEEE33/gcn/run_2.pt,cpu,test,0,32064,6,0.004743953701108694,4.743953701108694,900.0,5.271059667898549e-06
gcn_run_2,gcn,results/models/IEEE33/gcn/run_2.pt,cpu,test,0,32064,7,0.004750459920614958,4.750459920614958,900.0,5.278288800683286e-06
gcn_run_2,gcn,results/models/IEEE33/gcn/run_2.pt,cpu,test,0,32064,8,0.004578995052725077,4.578995052725077,900.0,5.087772280805641e-06
gcn_run_2,gcn,results/models/IEEE33/gcn/run_2.pt,cpu,test,0,32064,9,0.00458195386454463,4.58195386454463,900.0,5.0910598494940334e-06
gcn_run_2,gcn,results/models/IEEE33/gcn/run_2.pt,cpu,test,0,32064,10,0.004623943008482456,4.623943008482456,900.0,5.137714453869396e-06
gcn_run_2,gcn,results/models/IEEE33/gcn/run_2.pt,cpu,test,0,32064,11,0.004895898979157209,4.895898979157209,900.0,5.439887754619121e-06
gcn_run_2,gcn,results/models/IEEE33/gcn/run_2.pt,cpu,test,0,32064,12,0.004438970237970352,4.438970237970352,900.0,4.932189153300392e-06
gcn_run_2,gcn,results/models/IEEE33/gcn/run_2.pt,cpu,test,0,32064,13,0.004670684225857258,4.670684225857258,900.0,5.1896491398413975e-06
gcn_run_2,gcn,results/models/IEEE33/gcn/run_2.pt,cpu,test,0,32064,14,0.004510106984525919,4.510106984525919,900.0,5.011229982806576e-06
gcn_run_2,gcn,results/models/IEEE33/gcn/run_2.pt,cpu,test,0,32064,15,0.004633937031030655,4.633937031030655,900.0,5.1488189233673945e-06
gcn_run_2,gcn,results/models/IEEE33/gcn/run_2.pt,cpu,test,0,32064,16,0.004446730948984623,4.446730948984623,900.0,4.94081216553847e-06
gcn_run_2,gcn,results/models/IEEE33/gcn/run_2.pt,cpu,test,0,32064,17,0.004624726716428995,4.624726716428995,900.0,5.138585240476661e-06
gcn_run_2,gcn,results/models/IEEE33/gcn/run_2.pt,cpu,test,0,32064,18,0.004711962305009365,4.711962305009365,900.0,5.235513672232628e-06
gcn_run_2,gcn,results/models/IEEE33/gcn/run_2.pt,cpu,test,0,32064,19,0.0046747587621212006,4.674758762121201,900.0,5.19417640235689e-06
gcn_run_2,gcn,results/models/IEEE33/gcn/run_2.pt,cpu,test,0,32064,20,0.004429027903825045,4.429027903825045,900.0,4.921142115361161e-06
gcn_run_2,gcn,results/models/IEEE33/gcn/run_2.pt,cpu,test,0,32064,21,0.004643266089260578,4.643266089260578,900.0,5.159184543622865e-06
gcn_run_2,gcn,results/models/IEEE33/gcn/run_2.pt,cpu,test,0,32064,22,0.004700697958469391,4.700697958469391,900.0,5.222997731632657e-06
gcn_run_2,gcn,results/models/IEEE33/gcn/run_2.pt,cpu,test,0,32064,23,0.004629532806575298,4.629532806575298,900.0,5.14392534063922e-06
gcn_run_2,gcn,results/models/IEEE33/gcn/run_2.pt,cpu,test,0,32064,24,0.004423418082296848,4.423418082296848,900.0,4.914908980329831e-06
gcn_run_2,gcn,results/models/IEEE33/gcn/run_2.pt,cpu,test,0,32064,25,0.00466482387855649,4.66482387855649,900.0,5.183137642840544e-06
gcn_run_2,gcn,results/models/IEEE33/gcn/run_2.pt,cpu,test,0,32064,26,0.004799795337021351,4.799795337021351,900.0,5.333105930023723e-06
gcn_run_2,gcn,results/models/IEEE33/gcn/run_2.pt,cpu,test,0,32064,27,0.004449406638741493,4.449406638741493,900.0,4.9437851541572145e-06
gcn_run_2,gcn,results/models/IEEE33/gcn/run_2.pt,cpu,test,0,32064,28,0.004649146925657988,4.649146925657988,900.0,5.165718806286653e-06
gcn_run_2,gcn,results/models/IEEE33/gcn/run_2.pt,cpu,test,0,32064,29,0.004832630977034569,4.832630977034569,900.0,5.369589974482854e-06
gcn_run_2,gcn,results/models/IEEE33/gcn/run_2.pt,cpu,test,0,32064,30,0.004449710249900818,4.449710249900818,900.0,4.944122499889797e-06
gcn_run_2,gcn,results/models/IEEE33/gcn/run_2.pt,cpu,test,0,32064,31,0.004536908119916916,4.536908119916916,900.0,5.0410090221299065e-06
gcn_run_2,gcn,results/models/IEEE33/gcn/run_2.pt,cpu,test,0,32064,32,0.004448716063052416,4.448716063052416,900.0,4.943017847836017e-06
gcn_run_2,gcn,results/models/IEEE33/gcn/run_2.pt,cpu,test,0,32064,33,0.004763277713209391,4.763277713209391,900.0,5.292530792454878e-06
gcn_run_2,gcn,results/models/IEEE33/gcn/run_2.pt,cpu,test,0,32064,34,0.0047823116183280945,4.7823116183280945,900.0,5.313679575920105e-06
gcn_run_2,gcn,results/models/IEEE33/gcn/run_2.pt,cpu,test,0,32064,35,0.004692414775490761,4.692414775490761,900.0,5.213794194989734e-06
gcn_run_2,gcn,results/models/IEEE33/gcn/run_2.pt,cpu,test,0,32064,36,0.004802169743925333,4.802169743925333,900.0,5.335744159917037e-06
gcn_run_2,gcn,results/models/IEEE33/gcn/run_2.pt,cpu,test,0,32064,37,0.004610264673829079,4.610264673829079,900.0,5.122516304254532e-06
gcn_run_2,gcn,results/models/IEEE33/gcn/run_2.pt,cpu,test,0,32064,38,0.004782446194440126,4.782446194440126,900.0,5.313829104933474e-06
gcn_run_2,gcn,results/models/IEEE33/gcn/run_2.pt,cpu,test,0,32064,39,0.0044431802816689014,4.443180281668901,900.0,4.936866979632113e-06
gcn_run_2,gcn,results/models/IEEE33/gcn/run_2.pt,cpu,test,0,32064,40,0.004668607376515865,4.668607376515865,900.0,5.187341529462072e-06
gcn_run_2,gcn,results/models/IEEE33/gcn/run_2.pt,cpu,test,0,32064,41,0.004632154013961554,4.632154013961554,900.0,5.146837793290615e-06
gcn_run_2,gcn,results/models/IEEE33/gcn/run_2.pt,cpu,test,0,32064,42,0.004682454746216536,4.682454746216536,900.0,5.2027274957961505e-06
gcn_run_2,gcn,results/models/IEEE33/gcn/run_2.pt,cpu,test,0,32064,43,0.004591843578964472,4.591843578964472,900.0,5.102048421071635e-06
gcn_run_2,gcn,results/models/IEEE33/gcn/run_2.pt,cpu,test,0,32064,44,0.004431207198649645,4.431207198649645,900.0,4.923563554055161e-06
gcn_run_2,gcn,results/models/IEEE33/gcn/run_2.pt,cpu,test,0,32064,45,0.004720498342067003,4.720498342067003,900.0,5.244998157852226e-06
gcn_run_2,gcn,results/models/IEEE33/gcn/run_2.pt,cpu,test,0,32064,46,0.004614215809851885,4.614215809851885,900.0,5.126906455390983e-06
gcn_run_2,gcn,results/models/IEEE33/gcn/run_2.pt,cpu,test,0,32064,47,0.0045262728817760944,4.526272881776094,900.0,5.029192090862327e-06
gcn_run_2,gcn,results/models/IEEE33/gcn/run_2.pt,cpu,test,0,32064,48,0.004649365320801735,4.649365320801735,900.0,5.1659614675574835e-06
gcn_run_2,gcn,results/models/IEEE33/gcn/run_2.pt,cpu,test,0,32064,49,0.004452032968401909,4.452032968401909,900.0,4.946703298224343e-06
gcn_run_2,gcn,results/models/IEEE33/gcn/run_2.pt,cpu,test,0,32064,50,0.004650621209293604,4.650621209293604,900.0,5.167356899215115e-06
gcn_run_2,gcn,results/models/IEEE33/gcn/run_2.pt,cpu,test,0,32064,51,0.004436094779521227,4.436094779521227,900.0,4.92899419946803e-06
gcn_run_2,gcn,results/models/IEEE33/gcn/run_2.pt,cpu,test,0,32064,52,0.004487475845962763,4.487475845962763,900.0,4.986084273291958e-06
gcn_run_2,gcn,results/models/IEEE33/gcn/run_2.pt,cpu,test,0,32064,53,0.004759289789944887,4.759289789944887,900.0,5.28809976660543e-06
gcn_run_2,gcn,results/models/IEEE33/gcn/run_2.pt,cpu,test,0,32064,54,0.004512133076786995,4.512133076786995,900.0,5.013481196429994e-06
gcn_run_2,gcn,results/models/IEEE33/gcn/run_2.pt,cpu,test,0,32064,55,0.004478516988456249,4.478516988456249,900.0,4.9761299871736105e-06
gcn_run_2,gcn,results/models/IEEE33/gcn/run_2.pt,cpu,test,0,32064,56,0.004675285890698433,4.675285890698433,900.0,5.194762100776036e-06
gcn_run_2,gcn,results/models/IEEE33/gcn/run_2.pt,cpu,test,0,32064,57,0.004805317148566246,4.805317148566246,900.0,5.339241276184717e-06
gcn_run_2,gcn,results/models/IEEE33/gcn/run_2.pt,cpu,test,0,32064,58,0.004762741737067699,4.762741737067699,900.0,5.291935263408555e-06
gcn_run_2,gcn,results/models/IEEE33/gcn/run_2.pt,cpu,test,0,32064,59,0.00470082787796855,4.70082787796855,900.0,5.223142086631722e-06
gcn_run_2,gcn,results/models/IEEE33/gcn/run_2.pt,cpu,test,0,32064,60,0.004648703616112471,4.648703616112471,900.0,5.1652262401249674e-06
gcn_run_2,gcn,results/models/IEEE33/gcn/run_2.pt,cpu,test,0,32064,61,0.004647084046155214,4.647084046155214,900.0,5.163426717950238e-06
gcn_run_2,gcn,results/models/IEEE33/gcn/run_2.pt,cpu,test,0,32064,62,0.0044234381057322025,4.4234381057322025,900.0,4.914931228591336e-06
gcn_run_2,gcn,results/models/IEEE33/gcn/run_2.pt,cpu,test,0,32064,63,0.004731733817607164,4.731733817607164,900.0,5.257482019563516e-06
gcn_run_2,gcn,results/models/IEEE33/gcn/run_2.pt,cpu,test,0,32064,64,0.004610630217939615,4.610630217939615,900.0,5.1229224643773505e-06
gcn_run_2,gcn,results/models/IEEE33/gcn/run_2.pt,cpu,test,0,32064,65,0.0047583128325641155,4.7583128325641155,900.0,5.287014258404573e-06
gcn_run_2,gcn,results/models/IEEE33/gcn/run_2.pt,cpu,test,0,32064,66,0.0045855846256017685,4.5855846256017685,900.0,5.09509402844641e-06
gcn_run_2,gcn,results/models/IEEE33/gcn/run_2.pt,cpu,test,0,32064,67,0.004809306934475899,4.809306934475899,900.0,5.343674371639887e-06
gcn_run_2,gcn,results/models/IEEE33/gcn/run_2.pt,cpu,test,0,32064,68,0.004640743136405945,4.640743136405945,900.0,5.156381262673272e-06
gcn_run_2,gcn,results/models/IEEE33/gcn/run_2.pt,cpu,test,0,32064,69,0.004775314126163721,4.775314126163721,900.0,5.305904584626357e-06
gcn_run_2,gcn,results/models/IEEE33/gcn/run_2.pt,cpu,test,0,32064,70,0.004817708395421505,4.817708395421505,900.0,5.353009328246117e-06
gcn_run_2,gcn,results/models/IEEE33/gcn/run_2.pt,cpu,test,0,32064,71,0.004736583214253187,4.736583214253187,900.0,5.2628702380590965e-06
gcn_run_2,gcn,results/models/IEEE33/gcn/run_2.pt,cpu,test,0,32064,72,0.004789391998201609,4.789391998201609,900.0,5.321546664668454e-06
gcn_run_2,gcn,results/models/IEEE33/gcn/run_2.pt,cpu,test,0,32064,73,0.004520080983638763,4.520080983638763,900.0,5.022312204043071e-06
gcn_run_2,gcn,results/models/IEEE33/gcn/run_2.pt,cpu,test,0,32064,74,0.0041961511597037315,4.1961511597037315,900.0,4.66239017744859e-06
gcn_run_2,gcn,results/models/IEEE33/gcn/run_2.pt,cpu,test,0,32064,75,0.0040806252509355545,4.0806252509355545,900.0,4.53402805659506e-06
gcn_run_2,gcn,results/models/IEEE33/gcn/run_2.pt,cpu,test,0,32064,76,0.0037299548275768757,3.7299548275768757,900.0,4.144394252863196e-06
gcn_run_2,gcn,results/models/IEEE33/gcn/run_2.pt,cpu,test,0,32064,77,0.0038915439508855343,3.8915439508855343,900.0,4.323937723206149e-06
gcn_run_2,gcn,results/models/IEEE33/gcn/run_2.pt,cpu,test,0,32064,78,0.003685200121253729,3.685200121253729,900.0,4.094666801393032e-06
gcn_run_2,gcn,results/models/IEEE33/gcn/run_2.pt,cpu,test,0,32064,79,0.0039470200426876545,3.9470200426876545,900.0,4.385577825208505e-06
gcn_run_2,gcn,results/models/IEEE33/gcn/run_2.pt,cpu,test,0,32064,80,0.0038924869149923325,3.8924869149923325,900.0,4.3249854611025915e-06
gcn_run_2,gcn,results/models/IEEE33/gcn/run_2.pt,cpu,test,0,32064,81,0.004299263935536146,4.299263935536146,900.0,4.7769599283734954e-06
gcn_run_2,gcn,results/models/IEEE33/gcn/run_2.pt,cpu,test,0,32064,82,0.0038692508824169636,3.8692508824169636,900.0,4.29916764712996e-06
gcn_run_2,gcn,results/models/IEEE33/gcn/run_2.pt,cpu,test,0,32064,83,0.0035040038637816906,3.5040038637816906,900.0,3.8933376264241005e-06
gcn_run_2,gcn,results/models/IEEE33/gcn/run_2.pt,cpu,test,0,32064,84,0.0037024919874966145,3.7024919874966145,900.0,4.113879986107349e-06
gcn_run_2,gcn,results/models/IEEE33/gcn/run_2.pt,cpu,test,0,32064,85,0.0039153932593762875,3.9153932593762875,900.0,4.350436954862542e-06
gcn_run_2,gcn,results/models/IEEE33/gcn/run_2.pt,cpu,test,0,32064,86,0.003928245976567268,3.9282459765672684,900.0,4.364717751741409e-06
gcn_run_2,gcn,results/models/IEEE33/gcn/run_2.pt,cpu,test,0,32064,87,0.003930298145860434,3.9302981458604336,900.0,4.3669979398449265e-06
gcn_run_2,gcn,results/models/IEEE33/gcn/run_2.pt,cpu,test,0,32064,88,0.0036772130988538265,3.6772130988538265,900.0,4.085792332059807e-06
gcn_run_2,gcn,results/models/IEEE33/gcn/run_2.pt,cpu,test,0,32064,89,0.004019296728074551,4.019296728074551,900.0,4.465885253416167e-06
gcn_run_2,gcn,results/models/IEEE33/gcn/run_2.pt,cpu,test,0,32064,90,0.003983860835433006,3.9838608354330063,900.0,4.426512039370007e-06
gcn_run_2,gcn,results/models/IEEE33/gcn/run_2.pt,cpu,test,0,32064,91,0.0038394760340452194,3.8394760340452194,900.0,4.266084482272466e-06
gcn_run_2,gcn,results/models/IEEE33/gcn/run_2.pt,cpu,test,0,32064,92,0.003938956186175346,3.9389561861753464,900.0,4.376617984639274e-06
gcn_run_2,gcn,results/models/IEEE33/gcn/run_2.pt,cpu,test,0,32064,93,0.0038980459794402122,3.8980459794402122,900.0,4.331162199378014e-06
gcn_run_2,gcn,results/models/IEEE33/gcn/run_2.pt,cpu,test,0,32064,94,0.003973782062530518,3.9737820625305176,900.0,4.415313402811686e-06
gcn_run_2,gcn,results/models/IEEE33/gcn/run_2.pt,cpu,test,0,32064,95,0.003997510764747858,3.997510764747858,900.0,4.44167862749762e-06
